step,phase,gpu_util,cpu_util,gpu_mem_gb,cpu_mem_gb,ram_gb,io_read_gb,io_write_gb
1,backward,100.0,1.1666666666666667,23.91048192,1.505828864,21.84729941333333,0.0,0.0
1,forward,91.66666666666667,1.2666666666666666,22.717202432000004,1.4345120426666667,21.726625792000004,0.0,0.0
1,optimizer,100.0,1.0666666666666667,23.941939199999997,1.5705675093333333,21.91439189333333,0.0,0.0
2,backward,100.0,1.2666666666666666,23.941939199999997,1.5706740053333335,21.619681962666665,0.0,0.0
2,forward,100.0,1.2,23.941939199999997,1.5705279146666669,21.963799210666668,0.0,0.0
2,optimizer,100.0,0.4666666666666666,23.941939199999997,1.570676736,21.619766613333336,0.0,0.0
3,backward,100.0,1.3333333333333333,23.941939199999997,1.5709689173333334,21.77396736,0.0,0.0
3,forward,100.0,1.4333333333333333,23.941939199999997,1.570814634666667,21.64028484266667,0.0,0.0
3,optimizer,100.0,1.6666666666666667,23.941939199999997,1.5709689173333334,21.774311424,0.0,0.0
4,backward,100.0,1.2666666666666666,23.941939199999997,1.570869248,21.905833983999997,0.0,0.0
4,forward,100.0,1.3666666666666665,23.941939199999997,1.5708678826666667,21.742133248,0.0,0.0
4,optimizer,100.0,0.0,23.941939199999997,1.570873344,21.906522112,0.0,0.0
5,backward,100.0,1.2666666666666666,23.941939199999997,1.5709784746666664,21.997976234666666,0.0,0.0
5,forward,100.0,1.3333333333333333,23.941939199999997,1.5709716479999998,21.89092864,0.0,0.0
5,optimizer,100.0,1.3666666666666665,23.941939199999997,1.57097984,21.998675285333334,0.0,0.0
6,backward,100.0,1.3333333333333333,23.941939199999997,1.5709893973333333,22.07495918933333,0.0,0.0
6,forward,100.0,1.3333333333333333,23.941939199999997,1.5709702826666667,22.04537105066667,0.0,0.0
6,optimizer,100.0,0.9666666666666667,23.941939199999997,1.5709907626666666,22.077195605333333,0.0,0.0
7,backward,100.0,1.3,23.941939199999997,1.5711013546666666,22.201999360000002,0.0,0.0
7,forward,100.0,1.3333333333333333,23.941939199999997,1.5711013546666666,22.11232836266667,0.0,0.0
7,optimizer,100.0,2.066666666666667,23.941939199999997,1.57110272,22.201999360000002,0.0,0.0
8,backward,100.0,1.3,23.941939199999997,1.5709907626666666,21.914431488,0.0,0.0
8,forward,100.0,1.4000000000000001,23.941939199999997,1.5709907626666666,22.271627264,0.0,0.0
8,optimizer,100.0,2.566666666666667,23.941939199999997,1.570992128,21.916495872,0.0,0.0
9,backward,100.0,1.3666666666666665,23.941939199999997,1.5709989546666667,22.041358336000002,0.0,0.0
9,forward,100.0,1.3666666666666665,23.941939199999997,1.5709948586666667,21.993611264,0.0,0.0
9,optimizer,100.0,2.3333333333333335,23.941939199999997,1.5710003200000002,22.041434794666667,0.0,0.0
10,backward,100.0,1.3333333333333333,23.941939199999997,1.5710112426666667,21.740260010666663,0.0,0.0
10,forward,100.0,1.4333333333333333,23.941939199999997,1.571008512,21.709287424,0.0,0.0
10,optimizer,100.0,0.5333333333333333,23.941939199999997,1.5710112426666667,21.739915946666667,0.0,0.0
11,backward,100.0,1.2333333333333334,23.941939199999997,1.571008512,21.933972138666665,0.0,0.0
11,forward,100.0,1.4000000000000001,23.941939199999997,1.571008512,21.801603072000002,0.0,0.0
11,optimizer,100.0,0.5333333333333333,23.941939199999997,1.5710098773333332,21.933972138666665,0.0,0.0
12,backward,100.0,1.2666666666666666,23.941939199999997,1.5710003199999998,22.084515157333332,0.0,0.0
12,forward,100.0,1.2,23.941939199999997,1.5710003199999998,21.999180458666668,0.0,0.0
12,optimizer,100.0,0.0,23.941939199999997,1.5710016853333333,22.086407509333338,0.0,0.0
13,backward,100.0,1.2666666666666666,23.941939199999997,1.5710003200000002,22.260416511999995,0.0,0.0
13,forward,100.0,1.4333333333333333,23.941939199999997,1.5710003200000002,22.16879172266667,0.0,0.0
13,optimizer,100.0,1.5,23.941939199999997,1.5710003200000002,22.260416511999995,0.0,0.0
14,backward,100.0,1.2333333333333334,23.941939199999997,1.5710931626666664,22.014920021333335,0.0,0.0
14,forward,100.0,1.3666666666666665,23.941939199999997,1.5710931626666664,22.339701418666664,0.0,0.0
14,optimizer,100.0,3.0,23.941939199999997,1.571094528,22.014920021333335,0.0,0.0
15,backward,100.0,1.3,23.941939199999997,1.5709975893333332,22.156285269333335,0.0,0.0
15,forward,100.0,1.4000000000000001,23.941939199999997,1.5709975893333332,22.059783509333332,0.0,0.0
15,optimizer,100.0,0.0,23.941939199999997,1.5709989546666667,22.158177621333333,0.0,0.0
16,backward,100.0,1.2666666666666666,23.941939199999997,1.5709238613333334,22.374165162666667,0.0,0.0
16,forward,100.0,1.3666666666666665,23.941939199999997,1.5709238613333334,22.198711637333332,0.0,0.0
16,optimizer,100.0,1.0666666666666667,23.941939199999997,1.5709238613333334,22.377141589333334,0.0,0.0
17,backward,100.0,1.2333333333333334,23.941939199999997,1.5709279573333335,21.692566186666667,0.0,0.0
17,forward,100.0,1.4000000000000001,23.941939199999997,1.5709279573333335,22.064827050666665,0.0,0.0
17,optimizer,100.0,1.0333333333333334,23.941939199999997,1.570930688,21.692738218666666,0.0,0.0
18,backward,100.0,1.4000000000000001,23.941939199999997,1.5709989546666667,21.731718485333335,0.0,0.0
18,forward,100.0,1.5,23.941939199999997,1.5709989546666667,21.722615808,0.0,0.0
18,optimizer,100.0,1.0666666666666667,23.941939199999997,1.5709989546666667,21.731803136,0.0,0.0
19,backward,100.0,1.2666666666666666,23.941939199999997,1.570988032,21.869049173333334,0.0,0.0
19,forward,100.0,1.4333333333333333,23.941939199999997,1.570988032,21.752350037333333,0.0,0.0
19,optimizer,100.0,1.5,23.941939199999997,1.5709893973333333,21.869821952,0.0,0.0
20,backward,100.0,1.2333333333333334,23.941939199999997,1.5710863359999998,22.024952490666667,0.0,0.0
20,forward,100.0,1.4000000000000001,23.941939199999997,1.5710863359999998,21.930012672,0.0,0.0
20,optimizer,100.0,2.1666666666666665,23.941939199999997,1.5710863359999998,22.02478045866667,0.0,0.0
21,backward,100.0,1.3333333333333333,23.941939199999997,1.5710836053333335,22.217763498666667,0.0,0.0
21,forward,100.0,1.3666666666666665,23.941939199999997,1.5710836053333335,22.07371264,0.0,0.0
21,optimizer,100.0,0.4666666666666666,23.941939199999997,1.5710863359999998,22.21999991466667,0.0,0.0
22,backward,100.0,1.2666666666666666,23.941939199999997,1.5709197653333333,21.80007936,0.0,0.0
22,forward,100.0,1.3666666666666665,23.941939199999997,1.5709197653333333,21.751701504,0.0,0.0
22,optimizer,100.0,1.6666666666666667,23.941939199999997,1.5709197653333333,21.80007936,0.0,0.0
23,backward,100.0,1.3,23.941939199999997,1.571180544,21.883497130666665,0.0,0.0
23,forward,100.0,1.4000000000000001,23.941939199999997,1.571180544,21.816049664,0.0,0.0
23,optimizer,100.0,0.0,23.941939199999997,1.571180544,21.886593706666662,0.0,0.0
24,backward,100.0,1.3,23.941939199999997,1.5709948586666667,22.126194687999998,0.0,0.0
24,forward,100.0,1.3333333333333333,23.941939199999997,1.5709934933333336,21.957380778666664,0.0,0.0
24,optimizer,100.0,1.5333333333333332,23.941939199999997,1.5709948586666667,22.128958122666663,0.0,0.0
25,backward,100.0,1.4333333333333333,23.941939199999997,1.5709771093333333,21.758566399999996,0.0,0.0
25,forward,100.0,1.3,23.941939199999997,1.5709771093333333,22.061131093333334,0.0,0.0
25,optimizer,100.0,2.6999999999999997,23.941939199999997,1.5709784746666668,21.760630784,0.0,0.0
26,backward,100.0,1.3333333333333333,23.941939199999997,1.5711573333333335,21.782447445333332,0.0,0.0
26,forward,100.0,1.4666666666666668,23.941939199999997,1.5711573333333335,21.745545216,0.0,0.0
26,optimizer,100.0,0.0,23.941939199999997,1.5711573333333335,21.772638890666666,0.0,0.0
27,backward,100.0,1.4000000000000001,23.941939199999997,1.57095936,21.855373994666667,0.0,0.0
27,forward,100.0,1.4333333333333333,23.941939199999997,1.57095936,21.820015957333336,0.0,0.0
27,optimizer,100.0,2.433333333333333,23.941939199999997,1.57095936,21.856062122666668,0.0,0.0
28,backward,100.0,1.2666666666666666,23.941939199999997,1.5710644906666669,22.01149713066667,0.0,0.0
28,forward,100.0,1.4000000000000001,23.941939199999997,1.5710644906666669,21.880619008,0.0,0.0
28,optimizer,100.0,2.733333333333333,23.941939199999997,1.5710644906666669,22.01149713066667,0.0,0.0
29,backward,100.0,1.2333333333333334,23.941939199999997,1.5710562986666667,21.72924450133333,0.0,0.0
29,forward,100.0,1.3666666666666665,23.941939199999997,1.5710562986666667,22.077635242666663,0.0,0.0
29,optimizer,100.0,1.6000000000000003,23.941939199999997,1.5710576640000002,21.729760597333335,0.0,0.0
30,backward,100.0,1.3333333333333333,23.941939199999997,1.570983936,21.764325376,0.0,0.0
30,forward,100.0,1.3,23.941939199999997,1.570983936,21.756040533333334,0.0,0.0
30,optimizer,100.0,1.6333333333333335,23.941939199999997,1.570983936,21.76554052266667,0.0,0.0
31,backward,100.0,1.2666666666666666,23.941939199999997,1.5710631253333334,21.902371498666668,0.0,0.0
31,forward,100.0,1.2333333333333334,23.941939199999997,1.5710631253333334,21.802394965333335,0.0,0.0
31,optimizer,100.0,0.5666666666666667,23.941939199999997,1.5710631253333334,21.902371498666668,0.0,0.0
32,backward,100.0,1.3,23.941939199999997,1.571155968,22.035060053333336,0.0,0.0
32,forward,100.0,1.4000000000000001,23.941939199999997,1.571155968,22.021860010666668,0.0,0.0
32,optimizer,100.0,0.5666666666666667,23.941939199999997,1.571157333333333,22.026114389333333,0.0,0.0
33,backward,100.0,1.2666666666666666,23.941939199999997,1.5709607253333333,22.158886229333334,0.0,0.0
33,forward,100.0,1.3333333333333333,23.941939199999997,1.57095936,22.06235170133333,0.0,0.0
33,optimizer,100.0,2.1333333333333333,23.941939199999997,1.5709620906666668,22.152899242666667,0.0,0.0
34,backward,100.0,1.4000000000000001,23.941939199999997,1.571037184,21.901712042666663,0.0,0.0
34,forward,100.0,1.4000000000000001,23.941939199999997,1.571037184,21.79646805333333,0.0,0.0
34,optimizer,100.0,1.0,23.941939199999997,1.5710385493333334,21.89104605866667,0.0,0.0
35,backward,100.0,1.3333333333333333,23.941939199999997,1.571110912,22.05918549333333,0.0,0.0
35,forward,100.0,1.5,23.941939199999997,1.571110912,21.94483882666667,0.0,0.0
35,optimizer,100.0,1.6666666666666667,23.941939199999997,1.571110912,22.05918549333333,0.0,0.0
36,backward,100.0,1.1333333333333333,23.941939199999997,1.57110272,21.761298432,0.0,0.0
36,forward,100.0,1.3666666666666665,23.941939199999997,1.57110272,22.116969130666664,0.0,0.0
36,optimizer,100.0,0.5666666666666667,23.941939199999997,1.57110272,21.76138308266667,0.0,0.0
37,backward,100.0,1.3,23.941939199999997,1.5710044159999998,21.784417621333333,0.0,0.0
37,forward,100.0,1.4000000000000001,23.941939199999997,1.5710044159999998,21.780407637333337,0.0,0.0
37,optimizer,100.0,0.9666666666666667,23.941939199999997,1.5710071466666669,21.784417621333333,0.0,0.0
38,backward,100.0,1.2666666666666666,23.941939199999997,1.5712105813333332,21.871558656,0.0,0.0
38,forward,100.0,1.3,23.941939199999997,1.5712105813333332,21.794603008,0.0,0.0
38,optimizer,100.0,0.0,23.941939199999997,1.5712105813333332,21.87164330666667,0.0,0.0
39,backward,100.0,1.1333333333333333,23.941939199999997,1.5709320533333333,21.194896725333333,0.0,0.0
39,forward,100.0,1.2666666666666666,23.941939199999997,1.5709320533333333,21.866169685333332,0.0,0.0
39,optimizer,100.0,0.5666666666666667,23.941939199999997,1.5709320533333333,21.194896725333333,0.0,0.0
40,backward,100.0,1.1333333333333335,23.941939199999997,1.5711136426666668,21.223880021333333,0.0,0.0
40,forward,100.0,1.2666666666666666,23.941939199999997,1.5711136426666668,21.195093333333332,0.0,0.0
40,optimizer,100.0,1.1333333333333333,23.941939199999997,1.5711136426666668,21.223880021333333,0.0,0.0
41,backward,100.0,1.0666666666666667,23.941939199999997,1.571119104,21.250415274666665,0.0,0.0
41,forward,100.0,1.1333333333333333,23.941939199999997,1.571119104,21.208210090666668,0.0,0.0
41,optimizer,100.0,0.0,23.941939199999997,1.571119104,21.250587306666667,0.0,0.0
42,backward,100.0,1.1666666666666667,23.941939199999997,1.5711286613333335,21.336894122666667,0.0,0.0
42,forward,100.0,1.2666666666666668,23.941939199999997,1.5711286613333335,21.274086058666665,0.0,0.0
42,optimizer,100.0,1.0999999999999999,23.941939199999997,1.5711300266666666,21.338614442666668,0.0,0.0
43,backward,100.0,1.1333333333333333,23.941939199999997,1.5710289920000002,21.369821866666665,0.0,0.0
43,forward,100.0,1.3,23.941939199999997,1.5710289920000002,21.37100151466667,0.0,0.0
43,optimizer,100.0,2.2666666666666666,23.941939199999997,1.5710289920000002,21.369993898666667,0.0,0.0
44,backward,100.0,1.1666666666666667,23.941939199999997,1.5712010239999998,21.451602602666668,0.0,0.0
44,forward,100.0,1.2,23.941939199999997,1.5712010239999998,21.399780010666664,0.0,0.0
44,optimizer,100.0,1.0666666666666667,23.941939199999997,1.5712010239999998,21.451602602666668,0.0,0.0
45,backward,100.0,1.1666666666666667,23.941939199999997,1.570996224,21.621235712,0.0,0.0
45,forward,100.0,1.2,23.941939199999997,1.570996224,21.521810773333332,0.0,0.0
45,optimizer,100.0,1.0999999999999999,23.941939199999997,1.570996224,21.623128064,0.0,0.0
46,backward,100.0,1.0999999999999999,23.941939199999997,1.57108224,21.76937437866667,0.0,0.0
46,forward,100.0,1.1333333333333333,23.941939199999997,1.57108224,21.695841621333333,0.0,0.0
46,optimizer,100.0,1.5666666666666667,23.941939199999997,1.5710836053333335,21.771610794666667,0.0,0.0
47,backward,100.0,1.1333333333333333,23.941939199999997,1.571157333333333,21.400005290666666,0.0,0.0
47,forward,100.0,1.3,23.941939199999997,1.571157333333333,21.36104823466667,0.0,0.0
47,optimizer,100.0,3.1999999999999997,23.941939199999997,1.571157333333333,21.400005290666666,0.0,0.0
48,backward,100.0,1.0666666666666667,23.941939199999997,1.5710590293333333,21.501960192,0.0,0.0
48,forward,100.0,1.2666666666666666,23.941939199999997,1.5710590293333333,21.40974421333333,0.0,0.0
48,optimizer,100.0,0.5666666666666667,23.941939199999997,1.5710590293333333,21.502659242666667,0.0,0.0
49,backward,100.0,1.0333333333333334,23.941939199999997,1.5710508373333332,21.67697544533333,0.0,0.0
49,forward,100.0,1.1333333333333333,23.941939199999997,1.5710508373333332,21.550641151999997,0.0,0.0
49,optimizer,100.0,0.0,23.941939199999997,1.5710508373333332,21.676803413333335,0.0,0.0
50,backward,100.0,1.0999999999999999,23.941939199999997,1.571155968,21.421574826666667,0.0,0.0
50,forward,100.0,1.2666666666666666,23.941939199999997,1.571155968,21.707193002666667,0.0,0.0
50,optimizer,100.0,0.0,23.941939199999997,1.5711586986666666,21.421574826666667,0.0,0.0
51,backward,100.0,1.2,23.941939199999997,1.5710672213333332,21.398257664,0.0,0.0
51,forward,100.0,1.3,23.941939199999997,1.5710672213333332,21.370724352,0.0,0.0
51,optimizer,100.0,2.766666666666667,23.941939199999997,1.5710672213333332,21.400150015999998,0.0,0.0
52,backward,100.0,1.0666666666666667,23.941939199999997,1.5710590293333333,21.535741269333332,0.0,0.0
52,forward,100.0,1.2333333333333334,23.941939199999997,1.5710590293333333,21.42308078933333,0.0,0.0
52,optimizer,100.0,1.0999999999999999,23.941939199999997,1.5710590293333333,21.535569237333334,0.0,0.0
53,backward,100.0,1.0,23.941939199999997,1.5712447146666666,21.674003114666665,0.0,0.0
53,forward,100.0,1.2,23.941939199999997,1.5712447146666666,21.593950890666665,0.0,0.0
53,optimizer,100.0,1.0999999999999999,23.941939199999997,1.5712447146666666,21.67513634133333,0.0,0.0
54,backward,100.0,1.1333333333333335,23.941939199999997,1.5710685866666667,21.424792917333335,0.0,0.0
54,forward,100.0,1.0999999999999999,23.941939199999997,1.5710685866666667,21.68733149866667,0.0,0.0
54,optimizer,100.0,0.5666666666666667,23.941939199999997,1.5710685866666667,21.424792917333335,0.0,0.0
55,backward,100.0,1.0999999999999999,23.941939199999997,1.5710603946666666,21.40845124266667,0.0,0.0
55,forward,100.0,1.1666666666666667,23.941939199999997,1.5710603946666666,21.361952085333332,0.0,0.0
55,optimizer,100.0,1.0999999999999999,23.941939199999997,1.5710603946666666,21.40845124266667,0.0,0.0
56,backward,100.0,1.1333333333333335,23.941939199999997,1.5711586986666666,21.577252864000002,0.0,0.0
56,forward,100.0,1.1333333333333333,23.941939199999997,1.5711586986666666,21.478645759999996,0.0,0.0
56,optimizer,100.0,1.1333333333333333,23.941939199999997,1.5711586986666666,21.577252864000002,0.0,0.0
57,backward,100.0,1.0666666666666667,23.941939199999997,1.5710522026666667,21.709406208,0.0,0.0
57,forward,100.0,1.0,23.941939199999997,1.5710522026666667,21.616091135999998,0.0,0.0
57,optimizer,100.0,1.1333333333333333,23.941939199999997,1.5710522026666667,21.70949085866667,0.0,0.0
58,backward,100.0,1.2333333333333334,23.941939199999997,1.5711382186666667,21.382892202666667,0.0,0.0
58,forward,100.0,1.2666666666666666,23.941939199999997,1.5711382186666667,21.773615104,0.0,0.0
58,optimizer,100.0,1.0999999999999999,23.941939199999997,1.5711382186666667,21.382892202666667,0.0,0.0
59,backward,100.0,1.0999999999999999,23.941939199999997,1.5711286613333335,21.435731968,0.0,0.0
59,forward,100.0,1.2666666666666666,23.941939199999997,1.5711286613333335,21.401307818666666,0.0,0.0
59,optimizer,100.0,1.0999999999999999,23.941939199999997,1.5711286613333335,21.435731968,0.0,0.0
60,backward,100.0,1.0999999999999999,23.941939199999997,1.57110272,21.51244868266667,0.0,0.0
60,forward,100.0,1.2333333333333334,23.941939199999997,1.57110272,21.453870421333335,0.0,0.0
60,optimizer,100.0,1.0999999999999999,23.941939199999997,1.57110272,21.51244868266667,0.0,0.0
61,backward,100.0,1.0333333333333334,23.941939199999997,1.5711860053333335,21.643650389333335,0.0,0.0
61,forward,100.0,1.2,23.941939199999997,1.5711860053333335,21.60376490666667,0.0,0.0
61,optimizer,100.0,0.5666666666666667,23.941939199999997,1.5711873706666666,21.645714773333335,0.0,0.0
62,backward,100.0,1.0666666666666667,23.941939199999997,1.570992128,21.421546154666668,0.0,0.0
62,forward,100.0,1.2,23.941939199999997,1.570992128,21.315877546666666,0.0,0.0
62,optimizer,100.0,1.0999999999999999,23.941939199999997,1.570992128,21.421546154666668,0.0,0.0
63,backward,100.0,1.0,23.941939199999997,1.5710754133333333,21.450092544,0.0,0.0
63,forward,100.0,1.2666666666666666,23.941939199999997,1.5710754133333333,21.35826432,0.0,0.0
63,optimizer,100.0,0.5333333333333333,23.941939199999997,1.5710767786666668,21.450092544,0.0,0.0
64,backward,100.0,1.0333333333333334,23.941939199999997,1.5711586986666666,21.597108906666666,0.0,0.0
64,forward,100.0,1.1666666666666667,23.941939199999997,1.5711586986666666,21.495672832,0.0,0.0
64,optimizer,100.0,0.5666666666666667,23.941939199999997,1.5711586986666666,21.597280938666668,0.0,0.0
65,backward,100.0,1.0333333333333334,23.941939199999997,1.5709716479999998,21.794829653333334,0.0,0.0
65,forward,100.0,1.1,23.941939199999997,1.5709716479999998,21.658267648000002,0.0,0.0
65,optimizer,100.0,1.6333333333333335,23.941939199999997,1.5709716479999998,21.794829653333334,0.0,0.0
66,backward,100.0,1.0333333333333334,23.941939199999997,1.5711450453333333,21.379936255999997,0.0,0.0
66,forward,100.0,1.1,23.941939199999997,1.5711450453333333,21.714221738666666,0.0,0.0
66,optimizer,100.0,0.5666666666666667,23.941939199999997,1.5711450453333333,21.379936255999997,0.0,0.0
67,backward,100.0,1.2,23.941939199999997,1.5712515413333332,21.434185045333333,0.0,0.0
67,forward,100.0,1.2,23.941939199999997,1.5712515413333332,21.38755208533333,0.0,0.0
67,optimizer,100.0,1.0666666666666667,23.941939199999997,1.5712515413333332,21.434185045333333,0.0,0.0
68,backward,100.0,0.9666666666666668,23.941939199999997,1.570983936,20.3415552,0.0,0.0
68,forward,100.0,1.0999999999999999,23.941939199999997,1.570983936,20.271889066666667,0.0,0.0
68,optimizer,100.0,1.0333333333333332,23.941939199999997,1.570983936,20.342775808,0.0,0.0
69,backward,100.0,0.9666666666666667,23.941939199999997,1.5712610986666666,20.05346030933333,0.0,0.0
69,forward,100.0,1.2,23.941939199999997,1.5712610986666666,20.318063274666667,0.0,0.0
69,optimizer,100.0,1.7,23.941939199999997,1.5712610986666666,20.05346030933333,0.0,0.0
70,backward,100.0,0.9,23.941939199999997,1.5711696213333333,20.147750229333333,0.0,0.0
70,forward,100.0,1.0,23.941939199999997,1.5711696213333333,20.081236650666668,0.0,0.0
70,optimizer,100.0,1.0666666666666667,23.941939199999997,1.5711696213333333,20.147750229333333,0.0,0.0
71,backward,100.0,0.9,23.941939199999997,1.5709784746666664,20.240893269333334,0.0,0.0
71,forward,100.0,0.8666666666666667,23.941939199999997,1.5709784746666664,20.168486912000002,0.0,0.0
71,optimizer,100.0,1.1333333333333333,23.941939199999997,1.5709784746666664,20.242785621333336,0.0,0.0
72,backward,100.0,0.8666666666666667,23.941939199999997,1.5711641600000001,20.275792554666666,0.0,0.0
72,forward,100.0,1.0333333333333334,23.941939199999997,1.5711641600000001,20.29910016,0.0,0.0
72,optimizer,100.0,1.0666666666666667,23.941939199999997,1.5711641600000001,20.26118075733333,0.0,0.0
73,backward,100.0,0.9666666666666667,23.941939199999997,1.5711723519999998,20.073949866666666,0.0,0.0
73,forward,100.0,1.0,23.941939199999997,1.5711723519999998,20.367172949333334,0.0,0.0
73,optimizer,100.0,1.0999999999999999,23.941939199999997,1.5711723519999998,20.074121898666665,0.0,0.0
74,backward,100.0,1.0999999999999999,23.941939199999997,1.5710795093333332,20.151960917333334,0.0,0.0
74,forward,100.0,1.0,23.941939199999997,1.5710795093333332,20.104574293333332,0.0,0.0
74,optimizer,100.0,1.1333333333333333,23.941939199999997,1.5710795093333332,20.154025301333334,0.0,0.0
75,backward,100.0,0.9666666666666668,23.941939199999997,1.5712488106666667,20.410215082666667,0.0,0.0
75,forward,100.0,1.1333333333333333,23.941939199999997,1.5712488106666667,20.258200234666667,0.0,0.0
75,optimizer,100.0,1.0999999999999999,23.941939199999997,1.5712488106666667,20.410387114666666,0.0,0.0
76,backward,100.0,1.0666666666666667,23.941939199999997,1.5712351573333334,19.933332821333334,0.0,0.0
76,forward,100.0,1.1,23.941939199999997,1.5712351573333334,19.929165824,0.0,0.0
76,optimizer,100.0,1.5999999999999999,23.941939199999997,1.5712351573333334,19.933332821333334,0.0,0.0
77,backward,100.0,1.0333333333333334,23.941939199999997,1.5710440106666665,19.984390826666665,0.0,0.0
77,forward,100.0,1.1666666666666667,23.941939199999997,1.5710440106666665,19.954450432,0.0,0.0
77,optimizer,100.0,0.5666666666666667,23.941939199999997,1.5710440106666665,19.985595050666664,0.0,0.0
78,backward,100.0,1.0999999999999999,23.941939199999997,1.5712201386666667,20.37562026666667,0.0,0.0
78,forward,100.0,1.0333333333333334,23.941939199999997,1.5712201386666667,20.042080256000002,0.0,0.0
78,optimizer,100.0,1.0999999999999999,23.941939199999997,1.5712201386666667,20.377597269333332,0.0,0.0
79,backward,100.0,1.0666666666666667,23.941939199999997,1.5711163733333333,20.451498666666666,0.0,0.0
79,forward,100.0,1.2,23.941939199999997,1.5711150080000003,20.420684458666667,0.0,0.0
79,optimizer,100.0,1.5666666666666667,23.941939199999997,1.5711163733333333,20.453475669333333,0.0,0.0
80,backward,100.0,1.0666666666666667,23.941939199999997,1.57110272,20.506983082666668,0.0,0.0
80,forward,100.0,1.2333333333333334,23.941939199999997,1.5711013546666666,20.527180458666667,0.0,0.0
80,optimizer,100.0,0.5,23.941939199999997,1.57110272,20.507067733333333,0.0,0.0
81,backward,100.0,1.1333333333333333,23.941939199999997,1.5711778133333334,20.703302997333335,0.0,0.0
81,forward,100.0,1.0333333333333334,23.941939199999997,1.5711778133333334,20.656532138666666,0.0,0.0
81,optimizer,100.0,1.6666666666666667,23.941939199999997,1.5711778133333334,20.703475029333333,0.0,0.0
82,backward,100.0,1.0999999999999999,23.941939199999997,1.5710849706666667,20.792605354666666,0.0,0.0
82,forward,100.0,1.1666666666666667,23.941939199999997,1.5710849706666667,20.708267349333333,0.0,0.0
82,optimizer,100.0,1.0666666666666667,23.941939199999997,1.5710849706666667,20.792605354666666,0.0,0.0
83,backward,100.0,1.2333333333333334,23.941939199999997,1.5711668906666667,20.391107242666667,0.0,0.0
83,forward,100.0,1.1333333333333333,23.941939199999997,1.5711668906666667,20.882326869333333,0.0,0.0
83,optimizer,100.0,1.5333333333333332,23.941939199999997,1.5711668906666667,20.391107242666667,0.0,0.0
84,backward,100.0,1.1666666666666667,23.941939199999997,1.5712488106666669,20.460034730666667,0.0,0.0
84,forward,100.0,1.3,23.941939199999997,1.5712488106666669,20.480669013333333,0.0,0.0
84,optimizer,100.0,0.5666666666666667,23.941939199999997,1.5712488106666669,20.460034730666667,0.0,0.0
85,backward,100.0,1.0999999999999999,23.941939199999997,1.5711505066666664,20.467178154666666,0.0,0.0
85,forward,100.0,1.1333333333333335,23.941939199999997,1.5711505066666664,20.478752085333333,0.0,0.0
85,optimizer,100.0,1.0999999999999999,23.941939199999997,1.5711505066666664,20.466662058666667,0.0,0.0
86,backward,100.0,1.0999999999999999,23.941939199999997,1.571237888,20.478778026666664,0.0,0.0
86,forward,100.0,1.2,23.941939199999997,1.571237888,20.494685525333335,0.0,0.0
86,optimizer,100.0,2.6666666666666665,23.941939199999997,1.571237888,20.480789162666667,0.0,0.0
87,backward,100.0,1.0666666666666667,23.941939199999997,1.5711409493333335,20.54117102933333,0.0,0.0
87,forward,100.0,1.1333333333333333,23.941939199999997,1.5711409493333335,20.58422272,0.0,0.0
87,optimizer,100.0,3.3333333333333335,23.941939199999997,1.5711409493333335,20.540998997333332,0.0,0.0
88,backward,100.0,1.0999999999999999,23.941939199999997,1.5711327573333334,20.532279978666665,0.0,0.0
88,forward,100.0,1.1666666666666667,23.941939199999997,1.5711327573333334,20.519088128,0.0,0.0
88,optimizer,100.0,1.5666666666666667,23.941939199999997,1.5711341226666666,20.532279978666665,0.0,0.0
89,backward,100.0,1.0666666666666667,23.941939199999997,1.571151872,20.510000469333335,0.0,0.0
89,forward,100.0,1.1666666666666667,23.941939199999997,1.571151872,20.539142144,0.0,0.0
89,optimizer,100.0,1.0999999999999999,23.941939199999997,1.571151872,20.499334485333332,0.0,0.0
90,backward,100.0,1.0999999999999999,23.941939199999997,1.5711491413333334,20.577985877333333,0.0,0.0
90,forward,100.0,1.3,23.941939199999997,1.5711491413333334,20.510415530666666,0.0,0.0
90,optimizer,100.0,0.5666666666666667,23.941939199999997,1.5711491413333334,20.577985877333333,0.0,0.0
91,backward,100.0,1.1666666666666667,23.941939199999997,1.5711573333333335,20.502710954666668,0.0,0.0
91,forward,100.0,1.1666666666666667,23.941939199999997,1.5711573333333335,20.504212821333333,0.0,0.0
91,optimizer,100.0,1.0999999999999999,23.941939199999997,1.5711573333333335,20.502882986666666,0.0,0.0
92,backward,100.0,1.2,23.941939199999997,1.5711491413333334,20.502835200000003,0.0,0.0
92,forward,100.0,1.2,23.941939199999997,1.5711491413333334,20.502803797333332,0.0,0.0
92,optimizer,100.0,0.5666666666666667,23.941939199999997,1.5711491413333334,20.502835200000003,0.0,0.0
93,backward,100.0,1.0999999999999999,23.941939199999997,1.5711423146666668,20.606186837333336,0.0,0.0
93,forward,100.0,1.1333333333333333,23.941939199999997,1.5711423146666668,20.532587178666667,0.0,0.0
93,optimizer,100.0,0.5333333333333333,23.941939199999997,1.5711423146666668,20.606186837333336,0.0,0.0
94,backward,100.0,1.0,23.941939199999997,1.5711354880000001,20.53466248533333,0.0,0.0
94,forward,100.0,1.1666666666666667,23.941939199999997,1.5711354880000001,20.529303552000002,0.0,0.0
94,optimizer,100.0,0.5666666666666667,23.941939199999997,1.5711354880000001,20.53466248533333,0.0,0.0
95,backward,100.0,1.0333333333333334,23.941939199999997,1.5712296959999998,20.554162176000002,0.0,0.0
95,forward,100.0,1.2666666666666666,23.941939199999997,1.5712296959999998,20.52489216,0.0,0.0
95,optimizer,100.0,1.6333333333333335,23.941939199999997,1.5712296959999998,20.554162176000002,0.0,0.0
96,backward,100.0,1.0666666666666667,23.941939199999997,1.5710590293333333,20.558226773333335,0.0,0.0
96,forward,100.0,1.1666666666666667,23.941939199999997,1.5710590293333333,20.631128746666665,0.0,0.0
96,optimizer,100.0,0.5666666666666667,23.941939199999997,1.5710590293333333,20.558226773333335,0.0,0.0
97,backward,100.0,1.0666666666666667,23.941939199999997,1.5711409493333333,20.331701589333335,0.0,0.0
97,forward,100.0,1.2,23.941939199999997,1.5711409493333333,20.558460245333332,0.0,0.0
97,optimizer,100.0,1.1333333333333333,23.941939199999997,1.5711409493333333,20.331701589333335,0.0,0.0
98,backward,100.0,0.9333333333333332,23.941939199999997,1.5712269653333333,19.88389000533333,0.0,0.0
98,forward,100.0,1.0666666666666667,23.941939199999997,1.5712269653333333,20.365613738666667,0.0,0.0
98,optimizer,100.0,1.0999999999999999,23.941939199999997,1.5712269653333333,19.883974656,0.0,0.0
99,backward,100.0,0.9666666666666667,23.941939199999997,1.571037184,20.02874368,0.0,0.0
99,forward,100.0,1.1666666666666667,23.941939199999997,1.571037184,19.918895786666667,0.0,0.0
99,optimizer,100.0,0.5333333333333333,23.941939199999997,1.571037184,20.029000362666668,0.0,0.0
100,backward,100.0,1.0666666666666667,23.941939199999997,1.5712051200000001,20.115324928,0.0,0.0
100,forward,100.0,1.1333333333333335,23.941939199999997,1.5712051200000001,20.083112618666664,0.0,0.0
100,optimizer,100.0,0.5666666666666667,23.941939199999997,1.5712064853333334,20.115324928,0.0,0.0
101,backward,100.0,0.9666666666666667,23.941939199999997,1.571377152,20.189203114666668,0.0,0.0
101,forward,100.0,1.0999999999999999,23.941939199999997,1.571377152,20.13338555733333,0.0,0.0
101,optimizer,100.0,1.1333333333333333,23.941939199999997,1.571377152,20.189203114666668,0.0,0.0
102,backward,100.0,0.9,23.941939199999997,1.5711928320000002,20.301964629333334,0.0,0.0
102,forward,100.0,1.0333333333333334,23.941939199999997,1.5711928320000002,20.219633664,0.0,0.0
102,optimizer,100.0,1.0999999999999999,23.941939199999997,1.5711928320000002,20.304201045333333,0.0,0.0
103,backward,100.0,1.0666666666666667,23.941939199999997,1.57118464,20.62910395733333,0.0,0.0
103,forward,100.0,1.1666666666666667,23.941939199999997,1.57118464,20.550290090666667,0.0,0.0
103,optimizer,100.0,2.1666666666666665,23.941939199999997,1.57118464,20.62910395733333,0.0,0.0
104,backward,100.0,1.0999999999999999,23.941939199999997,1.57126656,20.258541568,0.0,0.0
104,forward,100.0,1.1333333333333333,23.941939199999997,1.57126656,20.262660778666667,0.0,0.0
104,optimizer,100.0,1.0666666666666667,23.941939199999997,1.57126656,20.258541568,0.0,0.0
105,backward,100.0,1.0999999999999999,23.941939199999997,1.571151872,20.650564266666667,0.0,0.0
105,forward,100.0,1.2,23.941939199999997,1.571151872,20.282312021333336,0.0,0.0
105,optimizer,100.0,0.0,23.941939199999997,1.571151872,20.652515328,0.0,0.0
106,backward,100.0,1.0333333333333334,23.941939199999997,1.5711491413333334,20.8831488,0.0,0.0
106,forward,100.0,1.0666666666666667,23.941939199999997,1.5711491413333334,20.851270997333334,0.0,0.0
106,optimizer,100.0,0.5666666666666667,23.941939199999997,1.5711491413333334,20.883320832,0.0,0.0
107,backward,100.0,1.0999999999999999,23.941939199999997,1.5711313919999998,21.083678037333332,0.0,0.0
107,forward,100.0,1.1333333333333333,23.941939199999997,1.5711313919999998,20.914016256,0.0,0.0
107,optimizer,100.0,1.1333333333333333,23.941939199999997,1.5711313919999998,21.083678037333332,0.0,0.0
108,backward,100.0,1.0,23.941939199999997,1.571213312,21.214466048,0.0,0.0
108,forward,100.0,1.2333333333333334,23.941939199999997,1.571213312,21.257480874666665,0.0,0.0
108,optimizer,100.0,0.5666666666666667,23.941939199999997,1.571213312,21.214810112,0.0,0.0
109,backward,100.0,1.0,23.941939199999997,1.5711150080000003,21.270547114666666,0.0,0.0
109,forward,100.0,1.0666666666666667,23.941939199999997,1.5711150080000003,21.227537749333333,0.0,0.0
109,optimizer,100.0,1.1333333333333333,23.941939199999997,1.5711150080000003,21.271063210666668,0.0,0.0
110,backward,100.0,1.0,23.941939199999997,1.5712037546666666,21.382964565333335,0.0,0.0
110,forward,100.0,1.0999999999999999,23.941939199999997,1.5712037546666666,21.305053184,0.0,0.0
110,optimizer,100.0,1.0999999999999999,23.941939199999997,1.5712037546666666,21.385299285333332,0.0,0.0
111,backward,100.0,1.0,23.941939199999997,1.5712884053333334,21.06124970666667,0.0,0.0
111,forward,100.0,1.1333333333333333,23.941939199999997,1.5712884053333334,21.42376618666667,0.0,0.0
111,optimizer,100.0,1.5999999999999999,23.941939199999997,1.5712884053333334,21.06124970666667,0.0,0.0
112,backward,100.0,1.0,23.941939199999997,1.5713703253333333,21.062190421333334,0.0,0.0
112,forward,100.0,1.1,23.941939199999997,1.5713703253333333,21.061834069333333,0.0,0.0
112,optimizer,100.0,1.1333333333333333,23.941939199999997,1.5713703253333333,21.062190421333334,0.0,0.0
113,backward,100.0,0.9666666666666668,23.941939199999997,1.5710917973333334,21.150360917333334,0.0,0.0
113,forward,100.0,1.1333333333333333,23.941939199999997,1.5710917973333334,21.062541311999997,0.0,0.0
113,optimizer,100.0,1.1333333333333333,23.941939199999997,1.5710917973333334,21.150360917333334,0.0,0.0
114,backward,100.0,1.0,23.941939199999997,1.5712679253333333,21.091028992000002,0.0,0.0
114,forward,100.0,1.1666666666666667,23.941939199999997,1.5712679253333333,21.081509888,0.0,0.0
114,optimizer,100.0,0.5666666666666667,23.941939199999997,1.5712679253333333,21.09085696,0.0,0.0
115,backward,100.0,1.0666666666666667,23.941939199999997,1.5712597333333334,21.165856085333335,0.0,0.0
115,forward,100.0,1.1333333333333333,23.941939199999997,1.5712597333333334,21.091699370666667,0.0,0.0
115,optimizer,100.0,0.5666666666666667,23.941939199999997,1.5712597333333334,21.165856085333335,0.0,0.0
116,backward,100.0,1.0666666666666667,23.941939199999997,1.5710030506666666,21.124483754666667,0.0,0.0
116,forward,100.0,1.2,23.941939199999997,1.5710030506666666,21.095661568,0.0,0.0
116,optimizer,100.0,2.1999999999999997,23.941939199999997,1.5710030506666666,21.124483754666667,0.0,0.0
117,backward,100.0,1.0666666666666667,23.941939199999997,1.5712747519999999,21.191958528,0.0,0.0
117,forward,100.0,1.2666666666666666,23.941939199999997,1.5712747519999999,21.129024853333334,0.0,0.0
117,optimizer,100.0,2.1333333333333333,23.941939199999997,1.5712761173333334,21.191958528,0.0,0.0
118,backward,100.0,1.1333333333333335,23.941939199999997,1.5712843093333333,21.247967232,0.0,0.0
118,forward,100.0,1.2,23.941939199999997,1.5712843093333333,21.289713664,0.0,0.0
118,optimizer,100.0,0.5666666666666667,23.941939199999997,1.5712843093333333,21.247967232,0.0,0.0
119,backward,100.0,1.1666666666666667,23.941939199999997,1.5711860053333335,21.601876650666668,0.0,0.0
119,forward,100.0,1.2666666666666666,23.941939199999997,1.5711860053333335,21.28114619733333,0.0,0.0
119,optimizer,100.0,0.5666666666666667,23.941939199999997,1.5711860053333335,21.602564778666665,0.0,0.0
120,backward,100.0,1.0999999999999999,23.941939199999997,1.5712692906666668,22.21087402666667,0.0,0.0
120,forward,100.0,1.3,23.941939199999997,1.5712692906666668,21.807762090666667,0.0,0.0
120,optimizer,100.0,3.3000000000000003,23.941939199999997,1.5712692906666668,22.211046058666668,0.0,0.0
121,backward,100.0,1.2,23.941939199999997,1.5711737173333333,22.279488853333334,0.0,0.0
121,forward,100.0,1.2666666666666666,23.941939199999997,1.5711723519999998,22.308711082666665,0.0,0.0
121,optimizer,100.0,1.7,23.941939199999997,1.5711750826666666,22.279316821333335,0.0,0.0
122,backward,100.0,1.0999999999999999,23.941939199999997,1.5711791786666665,22.343832917333334,0.0,0.0
122,forward,100.0,1.3,23.941939199999997,1.5711791786666665,22.338527232,0.0,0.0
122,optimizer,100.0,0.5666666666666667,23.941939199999997,1.5711791786666665,22.344004949333335,0.0,0.0
123,backward,100.0,1.0999999999999999,23.941939199999997,1.5712597333333331,22.463602687999998,0.0,0.0
123,forward,100.0,1.2666666666666668,23.941939199999997,1.5712597333333331,22.401302528,0.0,0.0
123,optimizer,100.0,1.6666666666666667,23.941939199999997,1.5712597333333331,22.463602687999998,0.0,0.0
124,backward,100.0,1.0666666666666667,23.941939199999997,1.5712679253333333,22.600942933333332,0.0,0.0
124,forward,100.0,1.2666666666666668,23.941939199999997,1.5712679253333333,22.522927786666667,0.0,0.0
124,optimizer,100.0,1.0999999999999999,23.941939199999997,1.5712679253333333,22.602911744,0.0,0.0
125,backward,100.0,1.0666666666666667,23.941939199999997,1.5710808746666667,22.784413696,0.0,0.0
125,forward,100.0,1.1666666666666667,23.941939199999997,1.5710808746666667,22.668483242666667,0.0,0.0
125,optimizer,100.0,0.5666666666666667,23.941939199999997,1.5710808746666667,22.784585728,0.0,0.0
126,backward,100.0,1.0666666666666667,23.941939199999997,1.5713471146666667,22.506409984,0.0,0.0
126,forward,100.0,1.1333333333333333,23.941939199999997,1.5713471146666667,22.759585109333333,0.0,0.0
126,optimizer,100.0,1.1333333333333333,23.941939199999997,1.5713471146666667,22.506786815999998,0.0,0.0
127,backward,100.0,1.2666666666666666,23.941939199999997,1.5712488106666667,22.46756352,0.0,0.0
127,forward,100.0,1.3,23.941939199999997,1.5712488106666667,22.478729216,0.0,0.0
127,optimizer,100.0,0.5666666666666667,23.941939199999997,1.5712488106666667,22.467735552000004,0.0,0.0
128,backward,100.0,1.2666666666666666,23.941939199999997,1.5711423146666668,22.687831381333336,0.0,0.0
128,forward,100.0,1.3333333333333333,23.941939199999997,1.5711423146666668,22.593729877333335,0.0,0.0
128,optimizer,100.0,0.0,23.941939199999997,1.5711423146666668,22.687143253333332,0.0,0.0
129,backward,100.0,1.3,23.941939199999997,1.5713143466666668,22.786895872000002,0.0,0.0
129,forward,100.0,1.3333333333333333,23.941939199999997,1.5713143466666668,22.754854229333333,0.0,0.0
129,optimizer,100.0,0.5333333333333333,23.941939199999997,1.5713143466666668,22.787152554666665,0.0,0.0
130,backward,100.0,1.2666666666666666,23.941939199999997,1.5713102506666667,22.88322013866667,0.0,0.0
130,forward,100.0,1.4000000000000001,23.941939199999997,1.5713102506666667,22.890924714666667,0.0,0.0
130,optimizer,100.0,1.1333333333333333,23.941939199999997,1.5713102506666667,22.885112490666668,0.0,0.0
131,backward,100.0,1.4000000000000001,23.941939199999997,1.571303424,23.216574464,0.0,0.0
131,forward,100.0,1.3333333333333333,23.941939199999997,1.571303424,22.902762154666664,0.0,0.0
131,optimizer,100.0,2.2666666666666666,23.941939199999997,1.571303424,23.217005909333334,0.0,0.0
132,backward,100.0,1.3,23.941939199999997,1.5712064853333334,23.333460650666666,0.0,0.0
132,forward,100.0,1.3333333333333333,23.941939199999997,1.5712064853333334,23.24826248533333,0.0,0.0
132,optimizer,100.0,0.5,23.941939199999997,1.5712064853333334,23.333801984,0.0,0.0
133,backward,100.0,1.3333333333333333,23.941939199999997,1.5711887359999999,22.984833706666667,0.0,0.0
133,forward,100.0,1.3666666666666665,23.941939199999997,1.5711887359999999,23.308348074666668,0.0,0.0
133,optimizer,100.0,1.1333333333333333,23.941939199999997,1.5711901013333334,22.985179136,0.0,0.0
134,backward,100.0,1.3666666666666665,23.941939199999997,1.5713580373333336,23.154016256000002,0.0,0.0
134,forward,100.0,1.4333333333333333,23.941939199999997,1.5713580373333336,22.965612544,0.0,0.0
134,optimizer,100.0,1.1333333333333333,23.941939199999997,1.5713580373333336,23.155397973333333,0.0,0.0
135,backward,100.0,1.2666666666666666,23.941939199999997,1.57108224,23.157598890666666,0.0,0.0
135,forward,100.0,1.4000000000000001,23.941939199999997,1.57108224,23.067141461333332,0.0,0.0
135,optimizer,100.0,1.6666666666666667,23.941939199999997,1.57108224,23.159491242666665,0.0,0.0
136,backward,100.0,1.2666666666666666,23.941939199999997,1.5712460799999999,23.245664255999998,0.0,0.0
136,forward,100.0,1.4000000000000001,23.941939199999997,1.5712460799999999,23.190573056,0.0,0.0
136,optimizer,100.0,1.1333333333333333,23.941939199999997,1.5712460799999999,23.24686848,0.0,0.0
137,backward,100.0,1.3333333333333333,23.941939199999997,1.571328,23.505491285333335,0.0,0.0
137,forward,100.0,1.4000000000000001,23.941939199999997,1.571328,23.286928725333336,0.0,0.0
137,optimizer,100.0,0.0,23.941939199999997,1.571328,23.508955135999997,0.0,0.0
138,backward,100.0,1.4000000000000001,23.941939199999997,1.5711436799999998,23.601053695999997,0.0,0.0
138,forward,100.0,1.4333333333333333,23.941939199999997,1.5711436799999998,23.506143914666666,0.0,0.0
138,optimizer,100.0,2.8000000000000003,23.941939199999997,1.5711436799999998,23.602099541333335,0.0,0.0
139,backward,100.0,1.3666666666666665,23.941939199999997,1.5712256,23.694794751999996,0.0,0.0
139,forward,100.0,1.4333333333333333,23.941939199999997,1.5712256,23.639710378666667,0.0,0.0
139,optimizer,100.0,1.0999999999999999,23.941939199999997,1.5712256,23.694966784000002,0.0,0.0
140,backward,100.0,1.3666666666666665,23.941939199999997,1.5713989973333333,23.57127168,0.0,0.0
140,forward,100.0,1.5333333333333332,23.941939199999997,1.5713989973333333,23.761201834666668,0.0,0.0
140,optimizer,100.0,1.0999999999999999,23.941939199999997,1.5713989973333333,23.558025216,0.0,0.0
141,backward,100.0,1.3333333333333333,23.941939199999997,1.5713020586666666,23.431010986666667,0.0,0.0
141,forward,100.0,1.4666666666666668,23.941939199999997,1.5713020586666666,23.428694015999998,0.0,0.0
141,optimizer,100.0,0.0,23.941939199999997,1.5713020586666666,23.431010986666667,0.0,0.0
142,backward,100.0,1.3,23.941939199999997,1.5712078506666665,23.476443818666667,0.0,0.0
142,forward,100.0,1.4333333333333333,23.941939199999997,1.5712078506666665,23.431031466666667,0.0,0.0
142,optimizer,100.0,0.5333333333333333,23.941939199999997,1.5712078506666665,23.476443818666667,0.0,0.0
143,backward,100.0,1.3666666666666665,23.941939199999997,1.5713798826666665,23.240747690666666,0.0,0.0
143,forward,100.0,1.5,23.941939199999997,1.5713798826666665,23.523498666666665,0.0,0.0
143,optimizer,100.0,1.0999999999999999,23.941939199999997,1.5713798826666665,23.240747690666666,0.0,0.0
144,backward,100.0,1.2333333333333334,23.941939199999997,1.5712856746666668,22.537043968000003,0.0,0.0
144,forward,100.0,1.4000000000000001,23.941939199999997,1.5712856746666668,22.929700181333335,0.0,0.0
144,optimizer,100.0,3.1999999999999997,23.941939199999997,1.5712856746666668,22.537043968000003,0.0,0.0
145,backward,100.0,1.3666666666666665,23.941939199999997,1.571119104,22.222595413333334,0.0,0.0
145,forward,100.0,1.4000000000000001,23.941939199999997,1.571119104,22.102784682666666,0.0,0.0
145,optimizer,100.0,0.5333333333333333,23.941939199999997,1.5711204693333334,22.224168277333334,0.0,0.0
146,backward,100.0,1.4666666666666668,23.941939199999997,1.571213312,22.251397119999996,0.0,0.0
146,forward,100.0,1.5,23.941939199999997,1.5712119466666667,22.255902719999998,0.0,0.0
146,optimizer,100.0,2.0666666666666664,23.941939199999997,1.571213312,22.252270933333335,0.0,0.0
147,backward,100.0,1.5,23.941939199999997,1.571217408,22.25253853866667,0.0,0.0
147,forward,100.0,1.5999999999999999,23.941939199999997,1.571217408,22.27961856,0.0,0.0
147,optimizer,100.0,0.5666666666666667,23.941939199999997,1.571217408,22.25253853866667,0.0,0.0
148,backward,100.0,1.5333333333333332,23.941939199999997,1.571299328,22.270941866666664,0.0,0.0
148,forward,100.0,1.4666666666666668,23.941939199999997,1.571299328,22.251236010666663,0.0,0.0
148,optimizer,100.0,2.766666666666667,23.941939199999997,1.571299328,22.272662186666665,0.0,0.0
149,backward,100.0,1.3666666666666665,23.941939199999997,1.5713826133333333,22.343888896,0.0,0.0
149,forward,100.0,1.5,23.941939199999997,1.5713826133333333,22.256095231999996,0.0,0.0
149,optimizer,100.0,2.1999999999999997,23.941939199999997,1.5713826133333333,22.345609216,0.0,0.0
150,backward,100.0,1.3,23.941939199999997,1.5711982933333335,22.44644864,0.0,0.0
150,forward,100.0,1.5333333333333332,23.941939199999997,1.5711982933333335,22.391317845333333,0.0,0.0
150,optimizer,100.0,0.5666666666666667,23.941939199999997,1.5711982933333335,22.44644864,0.0,0.0
151,backward,100.0,1.4333333333333333,23.941939199999997,1.5712774826666667,22.528214357333336,0.0,0.0
151,forward,100.0,1.4000000000000001,23.941939199999997,1.5712774826666667,22.451742037333332,0.0,0.0
151,optimizer,100.0,0.5666666666666667,23.941939199999997,1.5712774826666667,22.528299008,0.0,0.0
152,backward,100.0,1.4000000000000001,23.941939199999997,1.5711914666666666,22.482380117333335,0.0,0.0
152,forward,100.0,1.5666666666666667,23.941939199999997,1.5711914666666666,22.477108565333335,0.0,0.0
152,optimizer,100.0,1.1333333333333333,23.941939199999997,1.5711914666666666,22.485304661333334,0.0,0.0
153,backward,100.0,1.4333333333333333,23.941939199999997,1.571291136,22.570685781333335,0.0,0.0
153,forward,100.0,1.5,23.941939199999997,1.571291136,22.594372949333334,0.0,0.0
153,optimizer,100.0,2.7000000000000006,23.941939199999997,1.571291136,22.570685781333335,0.0,0.0
154,backward,100.0,1.5666666666666667,23.941939199999997,1.5712870399999999,22.581441877333333,0.0,0.0
154,forward,100.0,1.5666666666666667,23.941939199999997,1.5712870399999999,22.656666282666666,0.0,0.0
154,optimizer,100.0,2.766666666666667,23.941939199999997,1.5712870399999999,22.581441877333333,0.0,0.0
155,backward,100.0,1.4333333333333333,23.941939199999997,1.5712815786666665,22.234920277333334,0.0,0.0
155,forward,100.0,1.6333333333333335,23.941939199999997,1.5712815786666665,22.647798442666666,0.0,0.0
155,optimizer,100.0,1.0999999999999999,23.941939199999997,1.5712815786666665,22.234740053333336,0.0,0.0
156,backward,100.0,1.4000000000000001,23.941939199999997,1.5712733866666666,22.333472767999996,0.0,0.0
156,forward,100.0,1.4000000000000001,23.941939199999997,1.5712733866666666,22.298380970666667,0.0,0.0
156,optimizer,100.0,0.5666666666666667,23.941939199999997,1.5712733866666666,22.333816832,0.0,0.0
157,backward,96.0,1.4000000000000001,23.941939199999997,1.4954878293333334,22.311160490666666,0.0,0.0
157,forward,92.66666666666667,1.7333333333333334,23.941939199999997,1.4796499626666666,22.251061248,0.0,0.0
157,optimizer,96.0,0.0,23.941939199999997,1.4954878293333334,22.312880810666666,0.0,0.0
