step,gpu_util,cpu_util,gpu_mem_gb,cpu_mem_gb,ram_gb,io_read_gb,io_write_gb
1.0,100.0,3.6999999999999997,6.80820736,1.4950140586666665,18.722196138666668,0.0,0.0
2.0,99.0,2.1,6.80820736,1.4952502613333334,18.719805440000002,0.0,0.0
3.0,99.0,0.0,6.80820736,1.4954127360000002,18.74540680533333,0.0,0.0
4.0,99.0,0.0,6.80820736,1.5258624,18.768722602666667,0.0,0.0
5.0,95.0,6.3999999999999995,6.80820736,1.5464816639999999,18.833794389333335,0.0,0.0
6.0,96.66666666666667,0.0,6.80820736,1.5260480853333334,18.810979669333335,0.0,0.0
7.0,97.0,2.066666666666667,6.80820736,1.5465390079999999,18.758387029333335,0.0,0.0
8.0,99.33333333333333,0.0,6.80820736,1.5364041386666667,18.748897962666664,0.0,0.0
9.0,99.0,0.0,6.80820736,1.5264221866666665,18.738756266666666,0.0,0.0
10.0,99.33333333333333,0.0,6.80820736,1.5467328853333333,18.759450624,0.0,0.0
11.0,98.33333333333333,0.0,6.80820736,1.5670900053333334,18.779385856,0.0,0.0
12.0,97.33333333333333,0.0,6.80820736,1.5569933653333334,18.769861290666665,0.0,0.0
13.0,97.33333333333333,0.0,6.80820736,1.5367850666666667,18.748534784,0.0,0.0
14.0,97.66666666666667,0.0,6.80820736,1.5468352853333334,18.75752277333333,0.0,0.0
15.0,99.33333333333333,2.066666666666667,6.80820736,1.5571039573333334,18.779802282666665,0.0,0.0
16.0,99.0,0.0,6.80820736,1.546694656,18.770202624000003,0.0,0.0
17.0,99.66666666666667,0.0,6.80820736,1.5671896746666667,18.790813696,0.0,0.0
18.0,99.66666666666667,0.0,6.80820736,1.5878007466666666,18.811550378666663,0.0,0.0
19.0,99.66666666666667,2.1,6.80820736,1.5674641066666666,18.791185066666667,0.0,0.0
20.0,99.0,2.1,6.80820736,1.5674682026666666,18.791987882666664,0.0,0.0
21.0,98.33333333333333,0.3333333333333333,6.80820736,1.5265532586666666,18.769250986666666,0.0,0.0
22.0,98.33333333333333,2.2333333333333334,6.80820736,1.5262160213333333,18.815675050666666,0.0,0.0
23.0,99.66666666666667,0.0,6.80820736,1.5162518186666665,18.760798208,0.0,0.0
24.0,99.66666666666667,0.0,6.80820736,1.5263143253333336,18.747861674666666,0.0,0.0
25.0,99.66666666666667,0.0,6.80820736,1.5364778666666667,18.825734826666668,0.0,0.0
26.0,99.66666666666667,0.0,6.80820736,1.5161617066666668,18.744287232,0.0,0.0
27.0,99.0,0.0,6.80820736,1.5363099306666665,18.764405418666666,0.0,0.0
28.0,98.0,0.0,6.80820736,1.5363126613333333,18.763896149333334,0.0,0.0
29.0,99.33333333333333,0.0,6.80820736,1.5363945813333333,18.761636522666667,0.0,0.0
30.0,99.33333333333333,0.0,6.80820736,1.52623104,18.751690069333335,0.0,0.0
31.0,99.66666666666667,0.0,6.80820736,1.536483328,18.75757056,0.0,0.0
32.0,99.66666666666667,0.0,6.80820736,1.5261627733333334,18.740035584,0.0,0.0
33.0,99.66666666666667,4.166666666666667,6.80820736,1.5364655786666666,18.771866965333334,0.0,0.0
34.0,99.0,0.0,6.80820736,1.546592256,18.820194304,0.0,0.0
35.0,97.33333333333333,0.0,6.80820736,1.5568213333333334,18.847384917333333,0.0,0.0
36.0,99.33333333333333,0.0,6.80820736,1.567207424,18.93402897066667,0.0,0.0
37.0,99.0,2.1,6.80820736,1.5266065066666668,18.839479637333337,0.0,0.0
38.0,99.66666666666667,0.0,6.80820736,1.536720896,18.876874752000003,0.0,0.0
39.0,99.66666666666667,2.2333333333333334,6.80820736,1.536806912,18.89869824,0.0,0.0
40.0,99.33333333333333,0.0,6.80820736,1.5368082773333331,18.941257045333334,0.0,0.0
41.0,98.33333333333333,0.0,6.80820736,1.5163310079999999,18.916554069333333,0.0,0.0
42.0,97.0,0.0,6.80820736,1.5263115946666665,18.912052565333337,0.0,0.0
43.0,99.33333333333333,0.0,6.80820736,1.5365652479999998,18.940432384,0.0,0.0
44.0,99.0,0.0,6.80820736,1.5163419306666668,18.937955669333334,0.0,0.0
45.0,99.66666666666667,0.0,6.80820736,1.5263716693333331,18.96462609066667,0.0,0.0
46.0,99.66666666666667,0.0,6.80820736,1.5365215573333335,19.006984191999997,0.0,0.0
47.0,99.0,0.0,6.80820736,1.536589824,19.014561792,0.0,0.0
48.0,98.33333333333333,0.0,6.80820736,1.536589824,19.034673152,0.0,0.0
49.0,98.33333333333333,0.0,6.80820736,1.536589824,19.041933994666667,0.0,0.0
50.0,99.33333333333333,0.0,6.80820736,1.5365925546666668,19.057523370666665,0.0,0.0
51.0,99.0,0.0,6.80820736,1.5466646186666668,19.078262784,0.0,0.0
52.0,99.66666666666667,0.0,6.80820736,1.5058124800000001,19.084921514666668,0.0,0.0
53.0,99.66666666666667,0.0,6.80820736,1.5261108906666667,19.09707298133333,0.0,0.0
54.0,99.0,0.0,6.80820736,1.5262924800000002,19.131950421333332,0.0,0.0
55.0,97.33333333333333,0.0,6.80820736,1.526554624,18.716229631999997,0.0,0.0
56.0,99.33333333333333,0.0,6.80820736,1.5366785706666668,18.737849685333334,0.0,0.0
57.0,99.0,0.0,6.80820736,1.5366785706666668,18.7270144,0.0,0.0
58.0,99.66666666666667,2.066666666666667,6.80820736,1.536684032,18.734458197333336,0.0,0.0
59.0,99.66666666666667,2.1,6.80820736,1.536802816,18.727774890666666,0.0,0.0
60.0,99.66666666666667,0.0,6.80820736,1.516367872,18.718384128,0.0,0.0
61.0,99.0,2.2333333333333334,6.80820736,1.5263675733333333,18.726618453333334,0.0,0.0
62.0,98.33333333333333,2.2333333333333334,6.80820736,1.526423552,18.758426624,0.0,0.0
63.0,98.33333333333333,0.0,6.80820736,1.5265696426666666,18.79002180266667,0.0,0.0
64.0,99.0,0.0,6.80820736,1.5367058773333333,18.816,0.0,0.0
65.0,99.66666666666667,0.0,6.80820736,1.536811008,18.861176149333335,0.0,0.0
66.0,99.66666666666667,2.2333333333333334,6.80820736,1.5468352853333334,18.887965354666665,0.0,0.0
67.0,99.0,0.0,6.80820736,1.5673344,18.977412437333335,0.0,0.0
68.0,98.66666666666667,0.0,6.80820736,1.5570848426666668,18.916156757333333,0.0,0.0
69.0,98.33333333333333,0.0,6.80820736,1.5570848426666668,18.95248008533333,0.0,0.0
70.0,99.33333333333333,0.0,6.80820736,1.5570848426666668,18.956517376,0.0,0.0
71.0,99.0,2.1,6.80820736,1.5570916693333332,18.933955242666666,0.0,0.0
72.0,99.66666666666667,0.0,6.80820736,1.5265109333333333,18.92411392,0.0,0.0
73.0,99.66666666666667,0.0,6.80820736,1.5160961706666667,18.906735957333336,0.0,0.0
74.0,99.0,0.0,6.80820736,1.5261805226666665,18.933736789333334,0.0,0.0
75.0,97.0,0.0,6.80820736,1.546584064,18.963334485333334,0.0,0.0
76.0,97.33333333333333,2.2333333333333334,6.80820736,1.526247424,18.97910272,0.0,0.0
77.0,99.0,3.9333333333333336,6.80820736,1.516060672,18.97672157866667,0.0,0.0
78.0,99.66666666666667,0.0,6.80820736,1.5466181973333333,19.020795904,0.0,0.0
79.0,99.66666666666667,2.2333333333333334,6.80820736,1.536806912,19.034034176000002,0.0,0.0
80.0,99.0,4.333333333333333,6.80820736,1.5469991253333333,19.06258602666667,0.0,0.0
81.0,97.0,0.0,6.80820736,1.5266474666666667,19.05493060266667,0.0,0.0
82.0,98.33333333333333,2.2333333333333334,6.80820736,1.546780672,19.083879765333336,0.0,0.0
83.0,99.0,0.0,6.80820736,1.5570179413333332,19.155279871999998,0.0,0.0
84.0,98.66666666666667,0.0,6.80820736,1.5573292373333334,19.173220352,0.0,0.0
85.0,99.66666666666667,0.0,6.80820736,1.5470291626666668,19.144327168,0.0,0.0
86.0,99.33333333333333,0.0,6.80820736,1.5265928533333335,18.698522624000002,0.0,0.0
87.0,98.66666666666667,2.1,6.80820736,1.5366717440000002,18.708691626666667,0.0,0.0
88.0,98.33333333333333,0.0,6.80820736,1.5466796373333331,18.71912413866667,0.0,0.0
89.0,99.33333333333333,0.0,6.80820736,1.5469335893333334,18.730616149333333,0.0,0.0
90.0,98.66666666666667,0.0,6.80820736,1.5571968,18.730057728000002,0.0,0.0
91.0,99.66666666666667,0.0,6.80820736,1.5469581653333335,18.72508791466667,0.0,0.0
92.0,99.66666666666667,0.0,6.80820736,1.5570930346666667,18.740112042666667,0.0,0.0
93.0,99.0,0.0,6.80820736,1.5571503786666667,18.784662869333335,0.0,0.0
94.0,97.66666666666667,0.0,6.80820736,1.5367168,18.790173354666667,0.0,0.0
95.0,98.33333333333333,2.2333333333333334,6.80820736,1.54687488,18.809135104,0.0,0.0
96.0,99.33333333333333,0.0,6.80820736,1.5469158399999998,18.838085632,0.0,0.0
97.0,98.66666666666667,0.0,6.80820736,1.5570111146666665,18.878397098666667,0.0,0.0
98.0,99.66666666666667,0.0,6.80820736,1.5161985706666667,18.887815168,0.0,0.0
99.0,99.0,0.0,6.80820736,1.5160292693333333,18.854591146666667,0.0,0.0
100.0,98.66666666666667,0.0,6.80820736,1.536397312,18.913232213333334,0.0,0.0
101.0,98.33333333333333,2.1,6.80820736,1.526308864,18.877303466666667,0.0,0.0
102.0,99.33333333333333,4.166666666666667,6.80820736,1.5264672426666668,18.88780424533333,0.0,0.0
103.0,97.66666666666667,0.0,6.80820736,1.5466181973333335,18.91907310933333,0.0,0.0
104.0,99.66666666666667,0.0,6.80820736,1.5567080106666669,18.957589162666665,0.0,0.0
105.0,99.33333333333333,0.0,6.80820736,1.5464830293333334,18.965996885333333,0.0,0.0
106.0,99.0,0.0,6.80820736,1.5364997120000001,18.961731584000002,0.0,0.0
107.0,96.0,0.0,6.80820736,1.5568991573333335,19.001049088,0.0,0.0
108.0,98.33333333333333,4.166666666666667,6.80820736,1.5673016320000002,19.008685397333334,0.0,0.0
109.0,99.66666666666667,0.0,6.80820736,1.5267457706666667,18.98901367466667,0.0,0.0
110.0,99.66666666666667,0.0,6.80820736,1.5368710826666667,19.017841322666666,0.0,0.0
111.0,99.0,2.2333333333333334,6.80820736,1.5470032213333333,19.034906624,0.0,0.0
112.0,99.0,0.0,6.80820736,1.53663488,19.04458410666667,0.0,0.0
113.0,98.33333333333333,0.0,6.80820736,1.53663488,19.071827968,0.0,0.0
114.0,98.33333333333333,0.0,6.80820736,1.5366403413333334,19.081185962666666,0.0,0.0
115.0,99.33333333333333,0.0,6.80820736,1.5467656533333332,19.199941290666665,0.0,0.0
116.0,99.66666666666667,2.066666666666667,6.80820736,1.5672497493333333,18.732066133333333,0.0,0.0
117.0,99.33333333333333,0.0,6.80820736,1.5672497493333333,18.732473002666666,0.0,0.0
118.0,99.0,0.0,6.80820736,1.5468366506666669,18.712846336,0.0,0.0
119.0,99.0,0.0,6.80820736,1.5672866133333334,18.733314048,0.0,0.0
120.0,98.33333333333333,2.066666666666667,6.80820736,1.5468694186666667,18.713535829333335,0.0,0.0
121.0,98.33333333333333,0.0,6.80820736,1.5571094186666665,18.723420842666666,0.0,0.0
122.0,99.66666666666667,0.0,6.80820736,1.5368369493333336,18.701744810666664,0.0,0.0
123.0,99.0,2.2333333333333334,6.80820736,1.5265942186666666,18.68972032,0.0,0.0
124.0,99.0,2.2333333333333334,6.80820736,1.5163200853333334,18.690202282666668,0.0,0.0
125.0,99.33333333333333,6.233333333333333,6.80820736,1.526546432,18.699130197333336,0.0,0.0
126.0,99.33333333333333,0.0,6.80820736,1.5367140693333334,18.733858816,0.0,0.0
127.0,98.0,0.0,6.80820736,1.5367140693333334,18.736006485333334,0.0,0.0
128.0,99.66666666666667,0.0,6.80820736,1.5367768746666666,18.780588714666667,0.0,0.0
129.0,99.66666666666667,0.0,6.80820736,1.5163432959999998,18.71609309866667,0.0,0.0
130.0,99.0,0.0,6.80820736,1.5265600853333332,18.769868117333335,0.0,0.0
131.0,99.0,0.0,6.80820736,1.5265614506666667,18.697351168,0.0,0.0
132.0,99.33333333333333,2.2333333333333334,6.80820736,1.5265614506666667,18.697771690666666,0.0,0.0
133.0,99.33333333333333,0.0,6.80820736,1.5365911893333333,18.707768661333336,0.0,0.0
134.0,98.0,0.0,6.80820736,1.5468516693333332,18.718243498666666,0.0,0.0
135.0,99.66666666666667,1.9666666666666668,6.80820736,1.5264167253333334,18.697819477333333,0.0,0.0
136.0,99.0,2.066666666666667,6.80820736,1.5264180906666667,18.696047274666668,0.0,0.0
137.0,99.0,0.0,6.80820736,1.5264208213333335,18.695281322666666,0.0,0.0
138.0,99.33333333333333,4.166666666666667,6.80820736,1.5264221866666665,18.70327125333333,0.0,0.0
139.0,99.33333333333333,2.2333333333333334,6.80820736,1.5264221866666665,18.7317248,0.0,0.0
140.0,99.0,0.0,6.80820736,1.5264221866666665,18.715783167999998,0.0,0.0
141.0,98.66666666666667,0.0,6.80820736,1.5264221866666665,18.776126805333334,0.0,0.0
142.0,99.66666666666667,2.1,6.80820736,1.5264221866666665,18.702935381333337,0.0,0.0
143.0,99.0,0.0,6.80820736,1.526427648,18.731802624,0.0,0.0
144.0,99.0,2.1,6.80820736,1.526427648,18.776454485333335,0.0,0.0
145.0,99.33333333333333,2.1,6.80820736,1.5366894933333333,18.713881258666667,0.0,0.0
146.0,99.33333333333333,2.2333333333333334,6.80820736,1.5368123733333332,18.714472448,0.0,0.0
147.0,97.66666666666667,0.0,6.80820736,1.5368205653333333,18.714827434666667,0.0,0.0
148.0,99.66666666666667,0.0,6.80820736,1.516576768,18.695170730666668,0.0,0.0
149.0,99.0,2.2333333333333334,6.80820736,1.5266706773333334,18.702409728,0.0,0.0
150.0,99.0,0.0,6.80820736,1.5368478719999998,18.751500288,0.0,0.0
151.0,99.33333333333333,0.0,6.80820736,1.5469963946666667,18.789530282666664,0.0,0.0
152.0,99.33333333333333,2.2333333333333334,6.80820736,1.526624256,18.788405248,0.0,0.0
153.0,98.0,0.0,6.80820736,1.526624256,18.826223616,0.0,0.0
154.0,99.66666666666667,0.0,6.80820736,1.5468448426666666,18.854203392000002,0.0,0.0
155.0,99.0,0.0,6.80820736,1.5570589013333336,18.954483029333332,0.0,0.0
156.0,99.0,0.0,6.80820736,1.5572951039999998,18.890661888,0.0,0.0
157.0,99.0,4.3,6.80820736,1.5370745173333333,18.889247402666665,0.0,0.0
158.0,99.33333333333333,2.066666666666667,6.80820736,1.5266788693333335,18.90238327466667,0.0,0.0
159.0,95.33333333333333,2.1,6.80820736,1.546948608,18.972800341333336,0.0,0.0
160.0,100.0,0.0,6.80820736,1.536966656,18.91135351466667,0.0,0.0
161.0,99.0,2.2333333333333334,6.80820736,1.5468939946666664,18.93814272,0.0,0.0
162.0,99.0,4.166666666666667,6.80820736,1.5368792746666669,18.949539157333334,0.0,0.0
163.0,99.0,0.0,6.80820736,1.5264986453333333,18.95235310933333,0.0,0.0
164.0,99.0,0.0,6.80820736,1.536636245333333,18.98213649066667,0.0,0.0
165.0,97.33333333333333,4.166666666666667,6.80820736,1.5368328533333333,18.989484714666666,0.0,0.0
166.0,100.0,0.0,6.80820736,1.5164443306666666,18.98742852266667,0.0,0.0
167.0,99.33333333333333,0.0,6.80820736,1.5367318186666665,19.018600448,0.0,0.0
168.0,99.0,0.0,6.80820736,1.5164320426666666,19.017521834666667,0.0,0.0
169.0,99.0,2.2333333333333334,6.80820736,1.5264413013333333,19.063788885333334,0.0,0.0
170.0,99.0,0.0,6.80820736,1.5367031466666667,19.092429482666663,0.0,0.0
171.0,97.66666666666667,0.0,6.80820736,1.5162886826666666,19.145725269333337,0.0,0.0
172.0,100.0,4.166666666666667,6.80820736,1.536724992,18.949976064,0.0,0.0
173.0,99.33333333333333,2.2333333333333334,6.80820736,1.5469035519999998,18.713092096,0.0,0.0
174.0,99.0,0.0,6.80820736,1.5469172053333333,18.713447082666665,0.0,0.0
175.0,99.0,0.0,6.80820736,1.55731968,18.72418816,0.0,0.0
176.0,98.33333333333333,2.2333333333333334,6.80820736,1.5164566186666668,18.684089685333333,0.0,0.0
177.0,94.66666666666667,0.0,6.80820736,1.5366976853333334,18.703645354666666,0.0,0.0
178.0,99.0,0.0,6.80820736,1.5366976853333334,18.704409941333335,0.0,0.0
179.0,99.66666666666667,2.066666666666667,6.80820736,1.5366990506666667,18.730644821333332,0.0,0.0
180.0,99.33333333333333,0.0,6.80820736,1.5366990506666667,18.752234837333333,0.0,0.0
181.0,99.0,2.066666666666667,6.80820736,1.5366990506666667,18.789650432000002,0.0,0.0
182.0,99.0,0.0,6.80820736,1.5366990506666667,18.71620778666667,0.0,0.0
183.0,98.33333333333333,2.2333333333333334,6.80820736,1.546678272,18.725654528000003,0.0,0.0
184.0,98.66666666666667,0.0,6.80820736,1.526284288,18.705859925333332,0.0,0.0
185.0,98.66666666666667,2.066666666666667,6.80820736,1.5365597866666665,18.74450432,0.0,0.0
186.0,99.33333333333333,0.0,6.80820736,1.536606208,18.73032123733333,0.0,0.0
187.0,99.0,0.0,6.80820736,1.536607573333333,18.716532736,0.0,0.0
188.0,99.0,0.0,6.80820736,1.5467083093333331,18.724174506666667,0.0,0.0
189.0,99.0,2.2333333333333334,6.80820736,1.5467874986666665,18.724474880000002,0.0,0.0
190.0,98.33333333333333,0.0,6.80820736,1.5467874986666665,18.725033301333337,0.0,0.0
191.0,99.0,0.0,6.80820736,1.5467915946666668,18.725255850666667,0.0,0.0
192.0,99.66666666666667,0.0,6.80820736,1.5467915946666668,18.725339136,0.0,0.0
193.0,99.0,2.1,6.80820736,1.5467915946666668,18.725856597333333,0.0,0.0
194.0,99.0,2.2333333333333334,6.80820736,1.5467915946666668,18.726191103999998,0.0,0.0
195.0,99.0,0.0,6.80820736,1.5467915946666668,18.740980394666664,0.0,0.0
196.0,98.33333333333333,2.066666666666667,6.80820736,1.5467984213333335,18.82810504533333,0.0,0.0
197.0,97.33333333333333,2.1,6.80820736,1.5572473173333334,18.801709055999996,0.0,0.0
198.0,98.33333333333333,2.2333333333333334,6.80820736,1.5572514133333335,18.811213141333337,0.0,0.0
199.0,99.33333333333333,0.0,6.80820736,1.5574384639999999,18.738420394666665,0.0,0.0
200.0,99.0,0.0,6.80820736,1.5371072853333334,18.718102869333336,0.0,0.0
201.0,99.0,2.1,6.80820736,1.5472544426666666,18.728521728,0.0,0.0
202.0,98.33333333333333,0.0,6.80820736,1.5473063253333335,18.728655530666668,0.0,0.0
203.0,97.66666666666667,0.0,6.80820736,1.526870016,18.708596053333334,0.0,0.0
204.0,97.66666666666667,6.166666666666667,6.80820736,1.5369325226666666,18.719062698666665,0.0,0.0
205.0,99.66666666666667,0.0,6.80820736,1.5369325226666666,18.745880576,0.0,0.0
206.0,99.0,0.0,6.80820736,1.5369325226666666,18.722486954666667,0.0,0.0
207.0,99.0,2.1,6.80820736,1.536933888,18.82773230933333,0.0,0.0
208.0,99.0,1.9666666666666668,6.80820736,1.5471110826666667,18.79990135466667,0.0,0.0
209.0,98.33333333333333,0.0,6.80820736,1.5472052906666667,18.818413909333334,0.0,0.0
210.0,97.66666666666667,0.0,6.80820736,1.5267703466666667,18.825968298666666,0.0,0.0
211.0,98.66666666666667,2.1,6.80820736,1.5369079466666669,18.85409553066667,0.0,0.0
212.0,99.0,0.0,6.80820736,1.5370786133333334,18.881552384000003,0.0,0.0
213.0,99.0,0.0,6.80820736,1.5370786133333334,18.917918037333337,0.0,0.0
214.0,99.0,0.0,6.80820736,1.5370786133333334,18.899570688,0.0,0.0
215.0,99.0,0.0,6.80820736,1.5370827093333332,18.89737386666667,0.0,0.0
216.0,98.66666666666667,0.0,6.80820736,1.547153408,18.960520533333334,0.0,0.0
217.0,99.0,3.9333333333333336,6.80820736,1.547153408,18.972408490666666,0.0,0.0
218.0,98.33333333333333,0.0,6.80820736,1.5471561386666668,19.036651520000003,0.0,0.0
219.0,99.0,0.0,6.80820736,1.5267403093333332,19.050411349333334,0.0,0.0
220.0,99.0,0.0,6.80820736,1.536830122666667,19.09917969066667,0.0,0.0
221.0,99.0,2.2333333333333334,6.80820736,1.5471861759999996,19.13874432,0.0,0.0
222.0,98.66666666666667,0.0,6.80820736,1.5573620053333332,19.19208925866667,0.0,0.0
223.0,97.33333333333333,0.0,6.80820736,1.5369816746666667,19.216568320000004,0.0,0.0
224.0,98.33333333333333,2.2333333333333334,6.80820736,1.5369816746666667,19.282552149333338,0.0,0.0
225.0,99.0,4.166666666666667,6.80820736,1.5572937386666668,19.247028906666667,0.0,0.0
226.0,99.0,0.0,6.80820736,1.547210752,19.276903765333333,0.0,0.0
227.0,99.0,0.0,6.80820736,1.557233664,19.321877845333333,0.0,0.0
228.0,98.0,0.0,6.80820736,1.5469677226666667,19.359413589333332,0.0,0.0
229.0,96.33333333333333,0.0,6.80820736,1.5571421866666668,18.963705856,0.0,0.0
230.0,98.33333333333333,0.0,6.80820736,1.5571421866666668,18.975399936,0.0,0.0
231.0,98.33333333333333,0.0,6.80820736,1.5571421866666668,18.987208704,0.0,0.0
232.0,98.33333333333333,0.0,6.80820736,1.516498944,18.975692117333335,0.0,0.0
233.0,99.0,0.0,6.80820736,1.5366294186666665,19.002717525333335,0.0,0.0
234.0,97.0,0.0,6.80820736,1.5162395306666667,19.003707392,0.0,0.0
235.0,97.33333333333333,2.066666666666667,6.80820736,1.5263784959999998,19.03241898666667,0.0,0.0
236.0,98.33333333333333,0.0,6.80820736,1.5264344746666667,19.05033898666667,0.0,0.0
237.0,98.33333333333333,2.066666666666667,6.80820736,1.5264344746666667,19.140778666666666,0.0,0.0
238.0,99.0,2.2333333333333334,6.80820736,1.5264344746666667,19.138575018666668,0.0,0.0
239.0,99.0,0.0,6.80820736,1.5264358400000002,19.126407168,0.0,0.0
240.0,99.0,0.0,6.80820736,1.5264385706666668,19.13740629333333,0.0,0.0
241.0,98.66666666666667,0.0,6.80820736,1.5264385706666668,19.135882581333334,0.0,0.0
242.0,98.66666666666667,0.0,6.80820736,1.5264385706666668,19.163391317333332,0.0,0.0
243.0,99.33333333333333,0.0,6.80820736,1.5264385706666668,19.185341781333335,0.0,0.0
244.0,99.33333333333333,2.2333333333333334,6.80820736,1.5264385706666668,19.209368917333332,0.0,0.0
245.0,99.0,0.0,6.80820736,1.5264385706666668,19.233767424000003,0.0,0.0
246.0,99.0,2.1,6.80820736,1.526444032,19.292173653333332,0.0,0.0
247.0,97.66666666666667,0.0,6.80820736,1.5264453973333334,19.229563562666666,0.0,0.0
248.0,99.0,0.0,6.80820736,1.536741376,19.258370730666666,0.0,0.0
249.0,99.66666666666667,2.2333333333333334,6.80820736,1.5163651413333332,19.267964928,0.0,0.0
250.0,99.33333333333333,0.0,6.80820736,1.526501376,19.285364736000002,0.0,0.0
251.0,99.33333333333333,2.2333333333333334,6.80820736,1.526501376,19.305611264000003,0.0,0.0
252.0,99.0,0.0,6.80820736,1.526501376,19.312674133333335,0.0,0.0
253.0,98.66666666666667,0.0,6.80820736,1.526501376,19.333196458666666,0.0,0.0
254.0,99.66666666666667,0.0,6.80820736,1.526501376,19.351785472,0.0,0.0
255.0,99.66666666666667,0.0,6.80820736,1.546929493333333,19.379021141333336,0.0,0.0
256.0,99.33333333333333,2.066666666666667,6.80820736,1.5367099733333331,19.38971306666667,0.0,0.0
257.0,99.33333333333333,0.0,6.80820736,1.5264754346666667,19.40219904,0.0,0.0
258.0,99.0,0.0,6.80820736,1.536561152,19.402100735999998,0.0,0.0
259.0,98.66666666666667,2.2333333333333334,6.80820736,1.5468325546666666,19.470910805333332,0.0,0.0
260.0,99.66666666666667,0.0,6.80820736,1.5468325546666666,19.052441599999998,0.0,0.0
261.0,100.0,0.0,6.80820736,1.5468325546666666,19.052272298666665,0.0,0.0
262.0,99.66666666666667,0.0,6.80820736,1.5264426666666664,19.032040789333333,0.0,0.0
263.0,99.33333333333333,0.0,6.80820736,1.5367714133333334,19.041846613333334,0.0,0.0
264.0,99.0,0.0,6.80820736,1.5368792746666669,19.041932629333335,0.0,0.0
265.0,99.0,2.2333333333333334,6.80820736,1.5370922666666667,19.041932629333335,0.0,0.0
266.0,98.0,0.0,6.80820736,1.5472585386666668,18.696624810666666,0.0,0.0
267.0,100.0,0.0,6.80820736,1.5472585386666668,18.699010048,0.0,0.0
268.0,99.66666666666667,0.0,6.80820736,1.547259904,18.705803946666666,0.0,0.0
269.0,99.33333333333333,0.0,6.80820736,1.5268509013333336,18.703686314666665,0.0,0.0
270.0,99.0,0.0,6.80820736,1.5469677226666667,18.726200661333333,0.0,0.0
271.0,99.0,0.0,6.80820736,1.5469677226666667,18.715018581333336,0.0,0.0
272.0,98.66666666666667,0.0,6.80820736,1.5469677226666667,18.725721429333333,0.0,0.0
273.0,100.0,0.0,6.80820736,1.557221376,18.723094528,0.0,0.0
274.0,100.0,0.0,6.80820736,1.536847872,18.728415232000003,0.0,0.0
275.0,99.33333333333333,0.0,6.80820736,1.547067392,18.720702464000002,0.0,0.0
276.0,99.0,0.0,6.80820736,1.547067392,18.743326037333333,0.0,0.0
277.0,99.0,2.066666666666667,6.80820736,1.547067392,18.732474368000002,0.0,0.0
278.0,99.0,2.1,6.80820736,1.5266843306666669,18.712311125333333,0.0,0.0
279.0,99.0,0.0,6.80820736,1.536931157333333,18.735080789333335,0.0,0.0
280.0,100.0,0.0,6.80820736,1.547112448,18.731909119999997,0.0,0.0
281.0,99.66666666666667,0.0,6.80820736,1.5474524159999998,18.759177557333334,0.0,0.0
282.0,99.0,0.0,6.80820736,1.527017472,18.788975957333335,0.0,0.0
283.0,99.0,0.0,6.80820736,1.5369639253333334,18.729926656,0.0,0.0
284.0,99.0,0.0,6.80820736,1.547235328,18.73161966933333,0.0,0.0
285.0,99.33333333333333,0.0,6.80820736,1.5575012693333334,18.748335445333336,0.0,0.0
286.0,99.0,0.0,6.80820736,1.5575012693333334,18.762798421333333,0.0,0.0
287.0,100.0,2.2333333333333334,6.80820736,1.5371127466666668,18.752566613333332,0.0,0.0
288.0,99.33333333333333,0.0,6.80820736,1.5573346986666667,18.82201156266667,0.0,0.0
289.0,99.0,4.166666666666667,6.80820736,1.5165317120000001,18.70862882133333,0.0,0.0
290.0,99.0,0.0,6.80820736,1.5367413760000002,18.727264255999998,0.0,0.0
291.0,99.33333333333333,0.0,6.80820736,1.5163569493333335,18.704161450666664,0.0,0.0
292.0,99.0,0.0,6.80820736,1.52653824,18.735629653333334,0.0,0.0
293.0,100.0,0.0,6.80820736,1.52653824,18.73008503466667,0.0,0.0
294.0,99.33333333333333,0.0,6.80820736,1.5266283520000001,18.780351146666664,0.0,0.0
295.0,99.0,0.0,6.80820736,1.5368915626666666,18.717347840000002,0.0,0.0
296.0,99.0,0.0,6.80820736,1.5165794986666665,18.694656,0.0,0.0
297.0,99.33333333333333,0.0,6.80820736,1.526673408,18.707408213333334,0.0,0.0
298.0,98.33333333333333,0.0,6.80820736,1.526900053333333,18.744751445333335,0.0,0.0
299.0,98.33333333333333,2.066666666666667,6.80820736,1.526900053333333,18.783186943999997,0.0,0.0
300.0,99.66666666666667,0.0,6.80820736,1.526900053333333,18.801468757333335,0.0,0.0
301.0,99.0,0.0,6.80820736,1.526900053333333,18.81745271466667,0.0,0.0
302.0,99.0,2.2333333333333334,6.80820736,1.526900053333333,18.834698239999998,0.0,0.0
303.0,99.0,0.0,6.80820736,1.526900053333333,18.866345301333336,0.0,0.0
304.0,99.33333333333333,0.0,6.80820736,1.526900053333333,18.894703274666668,0.0,0.0
305.0,99.0,2.2333333333333334,6.80820736,1.526900053333333,18.883231744,0.0,0.0
306.0,99.66666666666667,0.0,6.80820736,1.526900053333333,18.90283656533333,0.0,0.0
307.0,99.33333333333333,0.0,6.80820736,1.5269082453333336,18.910878378666666,0.0,0.0
308.0,99.0,0.0,6.80820736,1.5269082453333336,18.931539968,0.0,0.0
309.0,99.0,0.0,6.80820736,1.5269082453333336,18.960897365333334,0.0,0.0
310.0,99.33333333333333,0.0,6.80820736,1.537097728,18.957953706666668,0.0,0.0
311.0,99.0,0.0,6.80820736,1.5166641493333335,18.956748117333333,0.0,0.0
312.0,98.66666666666667,2.2333333333333334,6.80820736,1.5268795733333331,18.987388927999998,0.0,0.0
313.0,99.66666666666667,0.0,6.80820736,1.5371072853333334,19.016306688,0.0,0.0
314.0,99.0,2.066666666666667,6.80820736,1.5472749226666667,19.047649279999998,0.0,0.0
315.0,99.0,0.0,6.80820736,1.516662784,19.033568597333332,0.0,0.0
316.0,99.33333333333333,0.0,6.80820736,1.5269259946666667,19.081570986666666,0.0,0.0
317.0,99.33333333333333,3.9333333333333336,6.80820736,1.5371045546666666,19.086715562666665,0.0,0.0
318.0,98.33333333333333,0.0,6.80820736,1.5167173973333334,19.104802133333333,0.0,0.0
319.0,98.66666666666667,3.6999999999999997,6.80820736,1.52680448,18.699677696,0.0,0.0
320.0,99.33333333333333,2.2333333333333334,6.80820736,1.5371591679999999,18.738890069333333,0.0,0.0
321.0,99.0,0.0,6.80820736,1.547339093333333,18.763310421333333,0.0,0.0
322.0,99.33333333333333,0.0,6.80820736,1.526951936,18.774390101333335,0.0,0.0
323.0,99.33333333333333,2.2333333333333334,6.80820736,1.526956032,18.700918784,0.0,0.0
324.0,99.0,0.0,6.80820736,1.5371291306666668,18.710791509333333,0.0,0.0
325.0,98.66666666666667,2.2333333333333334,6.80820736,1.5371359573333334,18.710106112000002,0.0,0.0
326.0,98.66666666666667,0.0,6.80820736,1.5371892053333334,18.714121557333332,0.0,0.0
327.0,98.66666666666667,0.0,6.80820736,1.5473677653333333,18.73055061333333,0.0,0.0
328.0,99.33333333333333,0.0,6.80820736,1.5269341866666668,18.717787477333335,0.0,0.0
329.0,99.0,0.0,6.80820736,1.5370267306666667,18.733318144,0.0,0.0
330.0,99.0,0.0,6.80820736,1.5370280960000002,18.738522794666668,0.0,0.0
331.0,98.33333333333333,2.2333333333333334,6.80820736,1.5370294613333335,18.830819328,0.0,0.0
332.0,98.66666666666667,0.0,6.80820736,1.5370294613333335,18.882143573333334,0.0,0.0
333.0,99.66666666666667,0.0,6.80820736,1.5370294613333335,18.917045589333334,0.0,0.0
334.0,99.33333333333333,0.0,6.80820736,1.5370294613333335,18.964475904,0.0,0.0
335.0,99.33333333333333,2.1,6.80820736,1.5370294613333335,19.011268607999998,0.0,0.0
336.0,99.0,2.066666666666667,6.80820736,1.5370840746666665,19.052397909333333,0.0,0.0
337.0,99.0,0.0,6.80820736,1.5370840746666665,19.093338794666668,0.0,0.0
338.0,97.66666666666667,0.0,6.80820736,1.5370881706666666,19.1127552,0.0,0.0
339.0,98.66666666666667,0.0,6.80820736,1.5370881706666666,19.24734976,0.0,0.0
340.0,98.66666666666667,0.0,6.80820736,1.5370881706666666,19.121527466666667,0.0,0.0
341.0,99.33333333333333,2.2333333333333334,6.80820736,1.547235328,19.1758336,0.0,0.0
342.0,99.33333333333333,0.0,6.80820736,1.547235328,19.217969152,0.0,0.0
343.0,99.0,0.0,6.80820736,1.547235328,19.255364266666668,0.0,0.0
344.0,98.0,0.0,6.80820736,1.5268058453333335,19.250685269333335,0.0,0.0
345.0,97.33333333333333,0.0,6.80820736,1.5368942933333336,19.290521599999998,0.0,0.0
346.0,99.33333333333333,2.2333333333333334,6.80820736,1.5368942933333336,19.329736704000002,0.0,0.0
347.0,99.33333333333333,6.0,6.80820736,1.5368997546666667,19.354977621333333,0.0,0.0
348.0,99.33333333333333,0.0,6.80820736,1.5371332266666666,19.384436053333335,0.0,0.0
349.0,99.0,0.0,6.80820736,1.5371332266666666,19.421515776,0.0,0.0
350.0,99.0,2.2333333333333334,6.80820736,1.5371414186666668,19.475166549333334,0.0,0.0
351.0,96.66666666666667,2.1,6.80820736,1.5371946666666665,19.418109269333332,0.0,0.0
352.0,96.66666666666667,0.0,6.80820736,1.5475397973333334,19.574240597333333,0.0,0.0
353.0,98.33333333333333,0.0,6.80820736,1.527151274666667,18.722394112,0.0,0.0
354.0,99.33333333333333,0.0,6.80820736,1.537298432,18.73376597333333,0.0,0.0
355.0,99.33333333333333,0.0,6.80820736,1.5373544106666668,18.733938005333332,0.0,0.0
356.0,99.0,0.0,6.80820736,1.5373544106666668,18.733938005333332,0.0,0.0
357.0,96.33333333333333,0.0,6.80820736,1.5474141866666666,18.744857941333333,0.0,0.0
358.0,98.66666666666667,0.0,6.80820736,1.5474141866666666,18.744857941333333,0.0,0.0
359.0,99.33333333333333,0.0,6.80820736,1.5474141866666666,18.743914496,0.0,0.0
360.0,97.33333333333333,0.0,6.80820736,1.5270338559999999,18.733447850666668,0.0,0.0
361.0,99.33333333333333,0.0,6.80820736,1.5371277653333333,18.789863424,0.0,0.0
362.0,99.0,0.0,6.80820736,1.5371277653333333,18.831272618666667,0.0,0.0
363.0,98.33333333333333,2.2333333333333334,6.80820736,1.5371277653333333,18.838783317333334,0.0,0.0
364.0,97.66666666666667,0.0,6.80820736,1.5371277653333333,18.866704384,0.0,0.0
365.0,99.33333333333333,0.0,6.80820736,1.5371810133333332,18.896362154666665,0.0,0.0
366.0,99.0,0.0,6.80820736,1.5371810133333332,18.901871274666664,0.0,0.0
367.0,99.33333333333333,0.0,6.80820736,1.5371810133333332,18.946442581333333,0.0,0.0
368.0,99.66666666666667,0.0,6.80820736,1.5472994986666666,19.004557994666666,0.0,0.0
369.0,98.66666666666667,0.0,6.80820736,1.5269901653333333,18.922689877333337,0.0,0.0
370.0,99.33333333333333,0.0,6.80820736,1.536884736,18.942626474666667,0.0,0.0
371.0,99.66666666666667,0.0,6.80820736,1.5371973973333333,18.983840426666664,0.0,0.0
372.0,99.33333333333333,0.0,6.80820736,1.5372028586666666,18.981726890666668,0.0,0.0
373.0,98.33333333333333,0.0,6.80820736,1.547317248,18.999640064,0.0,0.0
374.0,99.33333333333333,2.2333333333333334,6.80820736,1.547317248,19.024822272,0.0,0.0
375.0,99.33333333333333,2.2333333333333334,6.80820736,1.5271949653333332,19.030063786666666,0.0,0.0
376.0,99.33333333333333,0.0,6.80820736,1.5372642986666667,19.046787754666667,0.0,0.0
377.0,99.66666666666667,0.0,6.80820736,1.5372642986666667,19.069831850666663,0.0,0.0
378.0,99.33333333333333,0.0,6.80820736,1.5372642986666667,19.100976469333332,0.0,0.0
379.0,98.33333333333333,2.2333333333333334,6.80820736,1.5372670293333333,19.150564010666667,0.0,0.0
380.0,99.33333333333333,2.066666666666667,6.80820736,1.5372670293333333,19.155298986666665,0.0,0.0
381.0,99.33333333333333,0.0,6.80820736,1.5373271039999998,19.155524266666664,0.0,0.0
382.0,99.33333333333333,2.2333333333333334,6.80820736,1.5373271039999998,18.741388629333333,0.0,0.0
383.0,98.66666666666667,0.0,6.80820736,1.5373271039999998,18.74328098133333,0.0,0.0
384.0,99.66666666666667,0.0,6.80820736,1.5474100906666666,18.753602901333334,0.0,0.0
385.0,99.33333333333333,0.0,6.80820736,1.5270557013333335,18.73356117333333,0.0,0.0
386.0,98.33333333333333,2.066666666666667,6.80820736,1.5370513066666665,18.743349247999998,0.0,0.0
387.0,99.33333333333333,0.0,6.80820736,1.5474046293333334,18.752400042666668,0.0,0.0
388.0,99.33333333333333,0.0,6.80820736,1.5575749973333333,18.76046779733333,0.0,0.0
389.0,99.33333333333333,0.0,6.80820736,1.5372110506666665,18.759629482666664,0.0,0.0
390.0,98.33333333333333,0.0,6.80820736,1.5372110506666665,18.800226304,0.0,0.0
391.0,99.33333333333333,0.0,6.80820736,1.5472872106666664,18.83914513066667,0.0,0.0
392.0,98.66666666666667,0.0,6.80820736,1.557645994666667,18.865774592,0.0,0.0
393.0,98.33333333333333,0.0,6.80820736,1.5576528213333336,18.896029013333333,0.0,0.0
394.0,99.66666666666667,2.1,6.80820736,1.5373503146666667,18.921005056000002,0.0,0.0
395.0,99.33333333333333,0.0,6.80820736,1.5374663680000002,18.996659541333333,0.0,0.0
396.0,98.33333333333333,0.0,6.80820736,1.5374677333333333,18.960168277333334,0.0,0.0
397.0,99.33333333333333,0.0,6.80820736,1.537470464,18.968219648,0.0,0.0
398.0,99.33333333333333,2.1,6.80820736,1.537470464,18.942608725333333,0.0,0.0
399.0,98.33333333333333,0.0,6.80820736,1.54761216,18.973874858666665,0.0,0.0
400.0,99.66666666666667,2.2333333333333334,6.80820736,1.54761216,18.972120405333335,0.0,0.0
401.0,99.33333333333333,4.166666666666667,6.80820736,1.5271963306666667,18.971256149333335,0.0,0.0
402.0,98.66666666666667,0.0,6.80820736,1.5371933013333334,19.001434112000002,0.0,0.0
403.0,98.33333333333333,0.0,6.80820736,1.5371933013333334,19.017307477333336,0.0,0.0
404.0,99.33333333333333,0.0,6.80820736,1.5371933013333334,19.055686997333332,0.0,0.0
405.0,99.0,2.2333333333333334,6.80820736,1.5371933013333334,19.070432597333333,0.0,0.0
406.0,98.33333333333333,0.0,6.80820736,1.5372028586666666,19.13819682133333,0.0,0.0
407.0,99.66666666666667,4.166666666666667,6.80820736,1.537257472,19.072337237333333,0.0,0.0
408.0,99.33333333333333,0.0,6.80820736,1.537257472,19.092738047999998,0.0,0.0
409.0,98.66666666666667,0.0,6.80820736,1.537257472,19.119904085333335,0.0,0.0
410.0,99.33333333333333,0.0,6.80820736,1.5372602026666666,19.105639082666666,0.0,0.0
411.0,99.0,2.2333333333333334,6.80820736,1.5372602026666666,19.164375722666666,0.0,0.0
412.0,98.33333333333333,0.0,6.80820736,1.5372602026666666,19.100456277333333,0.0,0.0
413.0,98.33333333333333,0.0,6.80820736,1.5372711253333333,18.747908096,0.0,0.0
414.0,99.66666666666667,0.0,6.80820736,1.5372752213333332,18.745539242666666,0.0,0.0
415.0,99.33333333333333,0.0,6.80820736,1.5372765866666667,18.745690794666665,0.0,0.0
416.0,98.33333333333333,0.0,6.80820736,1.5372765866666667,18.745911978666665,0.0,0.0
417.0,99.33333333333333,2.066666666666667,6.80820736,1.516847104,18.725739178666664,0.0,0.0
418.0,99.0,0.0,6.80820736,1.5268167679999998,18.73588224,0.0,0.0
419.0,97.0,2.1,6.80820736,1.537077248,18.74599936,0.0,0.0
420.0,99.33333333333333,0.0,6.80820736,1.5472517120000002,18.791967402666668,0.0,0.0
421.0,99.33333333333333,0.0,6.80820736,1.5166341120000002,18.791440384,0.0,0.0
422.0,98.66666666666667,0.0,6.80820736,1.5269096106666666,18.824198826666667,0.0,0.0
423.0,98.33333333333333,0.0,6.80820736,1.5370854400000002,18.912272384,0.0,0.0
424.0,97.33333333333333,0.0,6.80820736,1.5474414933333334,18.868520277333335,0.0,0.0
425.0,98.33333333333333,0.0,6.80820736,1.5474414933333334,18.896420864,0.0,0.0
426.0,99.0,1.9666666666666668,6.80820736,1.5270557013333335,18.895323136000002,0.0,0.0
427.0,99.33333333333333,0.0,6.80820736,1.537052672,18.922218837333332,0.0,0.0
428.0,99.33333333333333,0.0,6.80820736,1.5473227093333335,18.970832896,0.0,0.0
429.0,98.66666666666667,0.0,6.80820736,1.5166941866666666,18.985208490666665,0.0,0.0
430.0,97.66666666666667,0.0,6.80820736,1.5268741119999998,18.932375552,0.0,0.0
431.0,99.33333333333333,0.0,6.80820736,1.5371059200000001,18.989973504,0.0,0.0
432.0,99.0,0.0,6.80820736,1.5474660693333335,19.029661013333335,0.0,0.0
433.0,99.0,0.0,6.80820736,1.5474660693333335,19.061084160000004,0.0,0.0
434.0,99.33333333333333,0.0,6.80820736,1.5270324906666668,19.082145792000002,0.0,0.0
435.0,98.66666666666667,6.3999999999999995,6.80820736,1.5371264,19.019287210666665,0.0,0.0
436.0,97.66666666666667,0.0,6.80820736,1.537134592,19.036834474666666,0.0,0.0
437.0,98.66666666666667,0.0,6.80820736,1.537134592,19.055345664,0.0,0.0
438.0,98.66666666666667,0.0,6.80820736,1.5167419733333334,19.053722282666666,0.0,0.0
439.0,99.0,0.0,6.80820736,1.526923264,19.079599445333333,0.0,0.0
440.0,99.0,0.0,6.80820736,1.526923264,19.109037397333335,0.0,0.0
441.0,99.33333333333333,0.0,6.80820736,1.526923264,19.079312725333335,0.0,0.0
442.0,97.0,0.0,6.80820736,1.5370949973333332,19.160858624,0.0,0.0
443.0,97.66666666666667,0.0,6.80820736,1.5370949973333332,18.745204736,0.0,0.0
444.0,99.0,0.0,6.80820736,1.5370949973333332,18.745944746666666,0.0,0.0
445.0,98.66666666666667,0.0,6.80820736,1.5167133013333334,18.726001322666665,0.0,0.0
446.0,99.0,0.0,6.80820736,1.526890496,18.735773013333333,0.0,0.0
447.0,98.33333333333333,2.2333333333333334,6.80820736,1.526890496,18.736204458666666,0.0,0.0
448.0,99.33333333333333,0.0,6.80820736,1.526890496,18.765998762666666,0.0,0.0
449.0,96.66666666666667,0.0,6.80820736,1.5371496106666669,18.820444159999997,0.0,0.0
450.0,99.33333333333333,0.0,6.80820736,1.5473309013333332,18.756770474666666,0.0,0.0
451.0,99.0,0.0,6.80820736,1.5473309013333332,18.771032746666666,0.0,0.0
452.0,99.0,2.066666666666667,6.80820736,1.5269628586666666,18.75135419733333,0.0,0.0
453.0,99.0,0.0,6.80820736,1.537241088,18.761734826666668,0.0,0.0
454.0,97.33333333333333,2.2333333333333334,6.80820736,1.5473254399999998,18.772833621333334,0.0,0.0
455.0,97.0,0.0,6.80820736,1.5269423786666667,18.753148245333335,0.0,0.0
456.0,98.33333333333333,0.0,6.80820736,1.52715264,18.781816149333334,0.0,0.0
457.0,99.33333333333333,2.066666666666667,6.80820736,1.53726976,18.836458154666666,0.0,0.0
458.0,99.0,0.0,6.80820736,1.5475384319999999,18.774271317333334,0.0,0.0
459.0,99.0,0.0,6.80820736,1.5475930453333333,18.803254613333333,0.0,0.0
460.0,98.33333333333333,0.0,6.80820736,1.5273970346666665,18.770589013333332,0.0,0.0
461.0,97.0,2.1,6.80820736,1.5374144853333334,18.837614592,0.0,0.0
462.0,98.0,0.0,6.80820736,1.5170218666666668,18.744205312,0.0,0.0
463.0,99.33333333333333,2.066666666666667,6.80820736,1.5271089493333332,18.753561941333334,0.0,0.0
464.0,99.0,0.0,6.80820736,1.537462272,18.764227925333334,0.0,0.0
465.0,99.0,4.166666666666667,6.80820736,1.5170833066666667,18.744202581333333,0.0,0.0
466.0,97.33333333333333,0.0,6.80820736,1.5271744853333333,18.783188309333333,0.0,0.0
467.0,98.66666666666667,0.0,6.80820736,1.5374349653333332,18.76720162133333,0.0,0.0
468.0,98.66666666666667,0.0,6.80820736,1.5170546346666667,18.816887466666667,0.0,0.0
469.0,98.66666666666667,0.0,6.80820736,1.5271362560000001,18.752726357333334,0.0,0.0
470.0,99.0,0.0,6.80820736,1.5373134506666666,18.773599573333332,0.0,0.0
471.0,98.33333333333333,4.166666666666667,6.80820736,1.537318912,18.773475328,0.0,0.0
472.0,98.33333333333333,0.0,6.80820736,1.537318912,18.773830314666665,0.0,0.0
473.0,97.66666666666667,2.2333333333333334,6.80820736,1.5169426773333334,18.753739434666667,0.0,0.0
474.0,98.33333333333333,0.0,6.80820736,1.52721408,18.763482453333335,0.0,0.0
475.0,98.66666666666667,0.0,6.80820736,1.52721408,18.763332266666666,0.0,0.0
476.0,98.33333333333333,0.0,6.80820736,1.52721408,18.779111424,0.0,0.0
477.0,99.0,2.1,6.80820736,1.5373721599999997,18.809234773333333,0.0,0.0
478.0,97.0,0.0,6.80820736,1.5478033066666665,18.770442922666664,0.0,0.0
479.0,98.33333333333333,0.0,6.80820736,1.5578466986666666,18.781690538666666,0.0,0.0
480.0,99.0,2.1,6.80820736,1.5170259626666667,18.746537301333333,0.0,0.0
481.0,97.33333333333333,0.0,6.80820736,1.5373994666666666,18.761773056,0.0,0.0
482.0,98.66666666666667,2.066666666666667,6.80820736,1.5476094293333336,18.812320426666666,0.0,0.0
483.0,99.33333333333333,2.066666666666667,6.80820736,1.5272072533333334,18.783141888,0.0,0.0
484.0,99.33333333333333,4.166666666666667,6.80820736,1.5272932693333334,18.753813162666667,0.0,0.0
485.0,99.0,0.0,6.80820736,1.5373803520000002,18.774962176,0.0,0.0
486.0,99.0,2.2333333333333334,6.80820736,1.5373803520000002,18.775318528,0.0,0.0
487.0,97.66666666666667,0.0,6.80820736,1.5373803520000002,18.792940885333334,0.0,0.0
488.0,98.33333333333333,0.0,6.80820736,1.5169959253333332,18.760313514666667,0.0,0.0
489.0,99.0,0.0,6.80820736,1.5272618666666666,18.827070122666665,0.0,0.0
490.0,99.33333333333333,0.0,6.80820736,1.5272618666666666,18.754266453333333,0.0,0.0
491.0,99.33333333333333,0.0,6.80820736,1.5272618666666666,18.754476714666666,0.0,0.0
492.0,99.0,0.0,6.80820736,1.537425408,18.764955648,0.0,0.0
493.0,99.33333333333333,0.0,6.80820736,1.5477787306666666,18.803843072000003,0.0,0.0
494.0,98.66666666666667,0.0,6.80820736,1.527414784,18.754502656,0.0,0.0
495.0,100.0,0.0,6.80820736,1.5274216106666667,18.827924821333333,0.0,0.0
496.0,99.33333333333333,4.166666666666667,6.80820736,1.5374158506666664,18.764477781333333,0.0,0.0
497.0,99.33333333333333,3.9333333333333336,6.80820736,1.5374158506666664,18.76299093333333,0.0,0.0
498.0,99.0,0.0,6.80820736,1.537422677333333,18.764790442666666,0.0,0.0
499.0,98.66666666666667,0.0,6.80820736,1.5170409813333332,18.744860672,0.0,0.0
500.0,99.33333333333333,0.0,6.80820736,1.527129429333333,18.755280896,0.0,0.0
501.0,99.0,2.2333333333333334,6.80820736,1.5271758506666666,18.755145728,0.0,0.0
502.0,100.0,2.066666666666667,6.80820736,1.52741888,18.754306048,0.0,0.0
503.0,99.33333333333333,3.9333333333333336,6.80820736,1.5374950400000003,18.76284757333333,0.0,0.0
504.0,99.0,0.0,6.80820736,1.5478497279999999,18.773423445333332,0.0,0.0
505.0,99.0,0.0,6.80820736,1.5274639360000002,18.780381184000003,0.0,0.0
506.0,99.0,0.0,6.80820736,1.5274693973333333,18.82545083733333,0.0,0.0
507.0,99.66666666666667,0.0,6.80820736,1.5373626026666667,18.762969088000002,0.0,0.0
508.0,100.0,0.0,6.80820736,1.5373626026666667,18.763852458666666,0.0,0.0
509.0,99.66666666666667,4.166666666666667,6.80820736,1.5373626026666667,18.793114282666668,0.0,0.0
510.0,98.66666666666667,0.0,6.80820736,1.516982272,18.817940138666668,0.0,0.0
511.0,99.0,2.066666666666667,6.80820736,1.5272495786666667,18.755586730666668,0.0,0.0
512.0,99.0,0.0,6.80820736,1.5272495786666667,18.755772416,0.0,0.0
513.0,99.33333333333333,0.0,6.80820736,1.5272523093333332,18.756515157333336,0.0,0.0
514.0,99.0,0.0,6.80820736,1.537421312,18.766722389333335,0.0,0.0
515.0,100.0,0.0,6.80820736,1.5170464426666666,18.769731584,0.0,0.0
516.0,99.0,2.2333333333333334,6.80820736,1.527312384,18.829464917333333,0.0,0.0
517.0,99.0,0.0,6.80820736,1.537482752,18.767149738666664,0.0,0.0
518.0,99.0,0.0,6.80820736,1.517105152,18.7470848,0.0,0.0
519.0,99.33333333333333,2.2333333333333334,6.80820736,1.5272782506666667,18.785406976,0.0,0.0
520.0,99.66666666666667,0.0,6.80820736,1.5375496533333333,18.790105088,0.0,0.0
521.0,99.0,2.2333333333333334,6.80820736,1.5476340053333333,18.850579797333335,0.0,0.0
522.0,99.33333333333333,0.0,6.80820736,1.5576705706666665,18.787674794666668,0.0,0.0
523.0,99.0,6.3999999999999995,6.80820736,1.5372902400000001,18.767082837333334,0.0,0.0
524.0,99.0,2.2333333333333334,6.80820736,1.5476053333333333,18.774882986666665,0.0,0.0
525.0,99.33333333333333,0.0,6.80820736,1.5679488,18.794588842666666,0.0,0.0
526.0,99.66666666666667,2.2333333333333334,6.80820736,1.5475985066666667,18.774596266666666,0.0,0.0
527.0,99.33333333333333,0.0,6.80820736,1.5475985066666667,18.775014058666667,0.0,0.0
528.0,98.66666666666667,0.0,6.80820736,1.5374636373333335,18.764660736,0.0,0.0
529.0,99.33333333333333,0.0,6.80820736,1.5273151146666668,18.751888042666664,0.0,0.0
530.0,99.0,2.066666666666667,6.80820736,1.537445888,18.762091178666665,0.0,0.0
531.0,99.33333333333333,0.0,6.80820736,1.547722752,18.795839488000002,0.0,0.0
532.0,99.66666666666667,2.2333333333333334,6.80820736,1.547722752,18.845944490666668,0.0,0.0
533.0,99.66666666666667,0.0,6.80820736,1.5273424213333333,18.753082709333334,0.0,0.0
534.0,98.66666666666667,0.0,6.80820736,1.537519616,18.763553450666667,0.0,0.0
535.0,98.33333333333333,0.0,6.80820736,1.537519616,18.764753578666667,0.0,0.0
536.0,99.33333333333333,2.1,6.80820736,1.537519616,18.765303808000002,0.0,0.0
537.0,99.0,0.0,6.80820736,1.5375209813333335,18.765604181333334,0.0,0.0
538.0,99.33333333333333,0.0,6.80820736,1.5375209813333335,18.766142122666665,0.0,0.0
539.0,99.66666666666667,0.0,6.80820736,1.5375250773333333,18.773725183999996,0.0,0.0
540.0,99.33333333333333,0.0,6.80820736,1.53757696,18.772697088,0.0,0.0
541.0,98.66666666666667,2.2333333333333334,6.80820736,1.53757696,18.799919104,0.0,0.0
542.0,99.33333333333333,2.1,6.80820736,1.53757696,18.876488362666667,0.0,0.0
543.0,99.0,0.0,6.80820736,1.53757696,18.927315626666665,0.0,0.0
544.0,99.0,2.2333333333333334,6.80820736,1.53757696,18.866191018666665,0.0,0.0
545.0,99.33333333333333,0.0,6.80820736,1.53757696,18.881419946666664,0.0,0.0
546.0,99.66666666666667,0.0,6.80820736,1.53757696,18.91907037866667,0.0,0.0
547.0,99.33333333333333,0.0,6.80820736,1.53757696,18.922175146666667,0.0,0.0
548.0,98.33333333333333,0.0,6.80820736,1.547718656,19.000083797333335,0.0,0.0
549.0,99.33333333333333,0.0,6.80820736,1.5477200213333333,18.92970496,0.0,0.0
550.0,99.0,2.2333333333333334,6.80820736,1.5477200213333333,18.927631018666666,0.0,0.0
551.0,99.0,0.0,6.80820736,1.5273260373333333,19.017729365333334,0.0,0.0
552.0,99.66666666666667,0.0,6.80820736,1.537507328,19.174589781333335,0.0,0.0
553.0,99.66666666666667,0.0,6.80820736,1.5375523839999998,19.318426282666668,0.0,0.0
554.0,98.66666666666667,0.0,6.80820736,1.5375633066666667,19.463479296,0.0,0.0
555.0,98.0,0.0,6.80820736,1.5477841920000002,19.619958784,0.0,0.0
556.0,99.33333333333333,4.3,6.80820736,1.5580501333333334,19.775752874666665,0.0,0.0
557.0,99.0,0.0,6.80820736,1.5376657066666668,19.80481536,0.0,0.0
558.0,99.66666666666667,4.466666666666667,6.80820736,1.5376657066666668,19.849670656,0.0,0.0
559.0,99.66666666666667,0.0,6.80820736,1.5376657066666668,19.776155648000003,0.0,0.0
560.0,99.66666666666667,4.166666666666667,6.80820736,1.5376657066666668,19.776457386666667,0.0,0.0
561.0,98.33333333333333,0.0,6.80820736,1.5376657066666668,19.77675776,0.0,0.0
562.0,98.33333333333333,2.2333333333333334,6.80820736,1.5376657066666668,19.777619285333333,0.0,0.0
563.0,99.0,0.0,6.80820736,1.5376657066666668,19.779840682666666,0.0,0.0
564.0,99.0,0.0,6.80820736,1.5376657066666668,19.806167040000002,0.0,0.0
565.0,99.66666666666667,0.0,6.80820736,1.5376657066666668,19.867746304,0.0,0.0
566.0,99.66666666666667,0.0,6.80820736,1.5376657066666668,19.813653162666665,0.0,0.0
567.0,99.33333333333333,0.0,6.80820736,1.5376657066666668,19.859648512000003,0.0,0.0
568.0,98.33333333333333,0.0,6.80820736,1.5376657066666668,19.87045922133333,0.0,0.0
569.0,99.33333333333333,0.0,6.80820736,1.5376738986666665,19.938522453333334,0.0,0.0
570.0,99.0,2.2333333333333334,6.80820736,1.5376738986666665,19.882176512,0.0,0.0
571.0,99.0,0.0,6.80820736,1.5376848213333334,19.898003456,0.0,0.0
572.0,99.66666666666667,2.1,6.80820736,1.537765376,19.915285845333333,0.0,0.0
573.0,99.66666666666667,0.0,6.80820736,1.5478551893333334,19.94497911466667,0.0,0.0
574.0,98.33333333333333,0.0,6.80820736,1.5580337493333334,19.994921642666668,0.0,0.0
575.0,97.0,2.2333333333333334,6.80820736,1.5681426773333333,20.013005482666667,0.0,0.0
576.0,99.33333333333333,0.0,6.80820736,1.5477582506666667,20.053843968,0.0,0.0
577.0,99.0,0.0,6.80820736,1.5375742293333332,19.983405056,0.0,0.0
578.0,98.66666666666667,0.0,6.80820736,1.5478674773333332,20.003760810666666,0.0,0.0
579.0,99.66666666666667,0.0,6.80820736,1.5480067413333334,20.014773589333334,0.0,0.0
580.0,98.0,2.2333333333333334,6.80820736,1.5275731626666669,20.009211221333334,0.0,0.0
581.0,97.66666666666667,0.0,6.80820736,1.5376438613333334,20.034726570666667,0.0,0.0
582.0,99.33333333333333,0.0,6.80820736,1.5479138986666667,20.06413585066667,0.0,0.0
583.0,99.0,0.0,6.80820736,1.5479138986666667,20.085002239999998,0.0,0.0
584.0,99.33333333333333,0.0,6.80820736,1.5479138986666667,20.127561045333334,0.0,0.0
585.0,99.66666666666667,0.0,6.80820736,1.5274871466666669,20.177855829333332,0.0,0.0
586.0,99.33333333333333,4.166666666666667,6.80820736,1.5375728640000002,20.128501760000002,0.0,0.0
587.0,98.33333333333333,0.0,6.80820736,1.5478442666666667,20.164319914666667,0.0,0.0
588.0,98.33333333333333,0.0,6.80820736,1.5580146346666666,20.20163584,0.0,0.0
589.0,98.33333333333333,0.0,6.80820736,1.5580146346666666,20.226067114666666,0.0,0.0
590.0,99.33333333333333,4.2,6.80820736,1.5376438613333334,20.226458965333336,0.0,0.0
591.0,99.0,0.0,6.80820736,1.547825152,20.254687232000002,0.0,0.0
592.0,99.33333333333333,1.9666666666666668,6.80820736,1.5579982506666665,20.273299456,0.0,0.0
593.0,99.33333333333333,0.0,6.80820736,1.5579982506666665,20.050321408000002,0.0,0.0
594.0,98.33333333333333,0.0,6.80820736,1.5376151893333334,20.057053866666667,0.0,0.0
595.0,98.33333333333333,0.0,6.80820736,1.5376206506666668,20.077191168,0.0,0.0
596.0,99.33333333333333,0.0,6.80820736,1.5376206506666668,20.100281685333332,0.0,0.0
597.0,99.33333333333333,0.0,6.80820736,1.517154304,20.006311253333333,0.0,0.0
598.0,98.33333333333333,0.0,6.80820736,1.5274257066666665,20.015277397333335,0.0,0.0
599.0,99.33333333333333,0.0,6.80820736,1.5274257066666665,20.014088192,0.0,0.0
600.0,98.66666666666667,0.0,6.80820736,1.527472128,20.013060096,0.0,0.0
601.0,97.0,0.0,6.80820736,1.537536,20.023066624,0.0,0.0
602.0,98.33333333333333,2.066666666666667,6.80820736,1.547804672,20.03306496,0.0,0.0
603.0,99.33333333333333,0.0,6.80820736,1.5582235306666667,20.04209664,0.0,0.0
604.0,99.0,0.0,6.80820736,1.5173741226666666,20.000081237333333,0.0,0.0
605.0,98.33333333333333,0.0,6.80820736,1.5274257066666665,20.010474154666667,0.0,0.0
606.0,99.66666666666667,2.1,6.80820736,1.5274257066666665,20.009357312000002,0.0,0.0
607.0,99.33333333333333,0.0,6.80820736,1.5274257066666665,20.00859136,0.0,0.0
608.0,99.0,0.0,6.80820736,1.5274257066666665,20.008189952,0.0,0.0
609.0,99.33333333333333,0.0,6.80820736,1.5274830506666666,20.010102783999997,0.0,0.0
610.0,99.33333333333333,0.0,6.80820736,1.5274830506666666,20.035614037333332,0.0,0.0
611.0,99.0,0.0,6.80820736,1.5274830506666666,20.019478527999997,0.0,0.0
612.0,98.66666666666667,2.2333333333333334,6.80820736,1.5274830506666666,20.01159918933333,0.0,0.0
613.0,99.66666666666667,0.0,6.80820736,1.5274830506666666,20.012627285333334,0.0,0.0
614.0,99.33333333333333,0.0,6.80820736,1.5274830506666666,20.012773376,0.0,0.0
615.0,98.33333333333333,2.2333333333333334,6.80820736,1.5274898773333334,20.013408256,0.0,0.0
616.0,99.33333333333333,2.2333333333333334,6.80820736,1.5274898773333334,20.013552981333337,0.0,0.0
617.0,99.33333333333333,0.0,6.80820736,1.5274898773333334,20.014288896,0.0,0.0
618.0,98.33333333333333,0.0,6.80820736,1.5274980693333333,20.014656170666665,0.0,0.0
619.0,99.66666666666667,3.9333333333333336,6.80820736,1.5274980693333333,20.014224725333335,0.0,0.0
620.0,99.33333333333333,0.0,6.80820736,1.5274980693333333,20.01531835733333,0.0,0.0
621.0,99.33333333333333,2.066666666666667,6.80820736,1.5274980693333333,20.041515008,0.0,0.0
622.0,98.33333333333333,0.0,6.80820736,1.5274980693333333,20.08684407466667,0.0,0.0
623.0,99.33333333333333,0.0,6.80820736,1.5275035306666667,20.014708053333333,0.0,0.0
624.0,99.0,2.066666666666667,6.80820736,1.5275035306666667,20.015403008000003,0.0,0.0
625.0,98.66666666666667,0.0,6.80820736,1.5275117226666666,20.015940949333334,0.0,0.0
