task_name,timestamp,project_name,run_id,duration,emissions,emissions_rate,cpu_power,gpu_power,ram_power,cpu_energy,gpu_energy,ram_energy,energy_consumed,water_consumed,country_name,country_iso_code,region,cloud_provider,cloud_region,os,python_version,codecarbon_version,cpu_count,cpu_model,gpu_count,gpu_model,longitude,latitude,ram_total_size,tracking_mode,on_cloud
Step #1,2026-04-07T13:59:39,energy-efficiency,cf0a5ca3-f32a-4496-9534-71e200868376,2.2056445330381393,1.0919633561676807e-06,4.932662715524661e-07,360.0,80.70185497466106,10.0,0.00022152172178030016,4.9659206410979095e-05,6.153309841950728e-06,0.00027733423803323,0.0,Canada,CAN,quebec,,,Linux-5.15.0-152-generic-x86_64-with-glibc2.35,3.14.2,3.1.0,4,AMD EPYC 9554 64-Core Processor,1,1 x NVIDIA RTX A5000,,,4,machine,N
Step #2,2026-04-07T13:59:39,energy-efficiency,cf0a5ca3-f32a-4496-9534-71e200868376,0.42333364114165306,2.428863306254559e-07,5.739015810551216e-07,360.0,155.5033314542665,10.0,4.225923679769018e-05,1.8254736829703688e-05,1.1737149312264402e-06,6.168768855862065e-05,0.0,Canada,CAN,quebec,,,Linux-5.15.0-152-generic-x86_64-with-glibc2.35,3.14.2,3.1.0,4,AMD EPYC 9554 64-Core Processor,1,1 x NVIDIA RTX A5000,,,4,machine,N
Step #3,2026-04-07T13:59:39,energy-efficiency,cf0a5ca3-f32a-4496-9534-71e200868376,0.42218493297696114,2.427997203874213e-07,5.754656667844444e-07,360.0,147.27459304754439,10.0,4.29159790277479e-05,1.7557791807121248e-05,1.1919206629196764e-06,6.166569149778853e-05,0.0,Canada,CAN,quebec,,,Linux-5.15.0-152-generic-x86_64-with-glibc2.35,3.14.2,3.1.0,4,AMD EPYC 9554 64-Core Processor,1,1 x NVIDIA RTX A5000,,,4,machine,N
Step #4,2026-04-07T13:59:40,energy-efficiency,cf0a5ca3-f32a-4496-9534-71e200868376,0.42166345566511154,2.407383400933505e-07,5.712105707931459e-07,360.0,146.34833364414044,10.0,4.2628164961934153e-05,1.7330013861283078e-05,1.1839682443274397e-06,6.114214706754491e-05,0.0,Canada,CAN,quebec,,,Linux-5.15.0-152-generic-x86_64-with-glibc2.35,3.14.2,3.1.0,4,AMD EPYC 9554 64-Core Processor,1,1 x NVIDIA RTX A5000,,,4,machine,N
Step #5,2026-04-07T13:59:40,energy-efficiency,cf0a5ca3-f32a-4496-9534-71e200868376,0.42173389345407486,2.5451711579804924e-07,6.042634611048155e-07,360.0,180.77194606596683,10.0,4.2250942438840696e-05,2.12172392082266e-05,1.1734658748739266e-06,6.464164752194128e-05,0.0,Canada,CAN,quebec,,,Linux-5.15.0-152-generic-x86_64-with-glibc2.35,3.14.2,3.1.0,4,AMD EPYC 9554 64-Core Processor,1,1 x NVIDIA RTX A5000,,,4,machine,N
Step #6,2026-04-07T13:59:41,energy-efficiency,cf0a5ca3-f32a-4496-9534-71e200868376,0.4229402169585228,2.7380508852429863e-07,6.478646695761255e-07,360.0,222.5074462108429,10.0,4.225130937993539e-05,2.6115576446272826e-05,1.1734748155706475e-06,6.954036064177847e-05,0.0,Canada,CAN,quebec,,,Linux-5.15.0-152-generic-x86_64-with-glibc2.35,3.14.2,3.1.0,4,AMD EPYC 9554 64-Core Processor,1,1 x NVIDIA RTX A5000,,,4,machine,N
Step #7,2026-04-07T13:59:41,energy-efficiency,cf0a5ca3-f32a-4496-9534-71e200868376,0.4205624535679817,2.511788771970052e-07,5.97441205995548e-07,360.0,176.49919845071506,10.0,4.202302433550364e-05,2.0603627604032226e-05,1.1671577373312643e-06,6.379380967686671e-05,0.0,Canada,CAN,quebec,,,Linux-5.15.0-152-generic-x86_64-with-glibc2.35,3.14.2,3.1.0,4,AMD EPYC 9554 64-Core Processor,1,1 x NVIDIA RTX A5000,,,4,machine,N
Step #8,2026-04-07T13:59:42,energy-efficiency,cf0a5ca3-f32a-4496-9534-71e200868376,0.4187748022377491,2.4938889166173616e-07,5.95401754107914e-07,360.0,174.79339742770793,10.0,4.185421727597718e-05,2.0322516263604484e-05,1.1624598979122062e-06,6.333919343749338e-05,0.0,Canada,CAN,quebec,,,Linux-5.15.0-152-generic-x86_64-with-glibc2.35,3.14.2,3.1.0,4,AMD EPYC 9554 64-Core Processor,1,1 x NVIDIA RTX A5000,,,4,machine,N
Step #9,2026-04-07T13:59:42,energy-efficiency,cf0a5ca3-f32a-4496-9534-71e200868376,0.4213120713829994,2.4498661973837476e-07,5.816836199504556e-07,360.0,162.196993743706,10.0,4.2088516429067066e-05,1.8963626274626222e-05,1.1689722537994418e-06,6.222111495749263e-05,0.0,Canada,CAN,quebec,,,Linux-5.15.0-152-generic-x86_64-with-glibc2.35,3.14.2,3.1.0,4,AMD EPYC 9554 64-Core Processor,1,1 x NVIDIA RTX A5000,,,4,machine,N
Step #10,2026-04-07T13:59:43,energy-efficiency,cf0a5ca3-f32a-4496-9534-71e200868376,0.42192088812589645,2.518299307579757e-07,5.972029828933325e-07,360.0,170.94577100787683,10.0,4.2564456537366215e-05,2.0212516176343343e-05,1.1821899873514972e-06,6.395916270106067e-05,0.0,Canada,CAN,quebec,,,Linux-5.15.0-152-generic-x86_64-with-glibc2.35,3.14.2,3.1.0,4,AMD EPYC 9554 64-Core Processor,1,1 x NVIDIA RTX A5000,,,4,machine,N
Step #11,2026-04-07T13:59:43,energy-efficiency,cf0a5ca3-f32a-4496-9534-71e200868376,0.42072711884975433,2.4872107824297845e-07,5.910450829833186e-07,360.0,170.81831305749378,10.0,4.2048912122845394e-05,1.9952793763877708e-05,1.1678778980341189e-06,6.316958378475759e-05,0.0,Canada,CAN,quebec,,,Linux-5.15.0-152-generic-x86_64-with-glibc2.35,3.14.2,3.1.0,4,AMD EPYC 9554 64-Core Processor,1,1 x NVIDIA RTX A5000,,,4,machine,N
Step #12,2026-04-07T13:59:43,energy-efficiency,cf0a5ca3-f32a-4496-9534-71e200868376,0.4211264066398144,2.4602264654440337e-07,5.846152281677802e-07,360.0,164.8036982513731,10.0,4.206048063933824e-05,1.9255570947507294e-05,1.1681909776396266e-06,6.24842425644848e-05,0.0,Canada,CAN,quebec,,,Linux-5.15.0-152-generic-x86_64-with-glibc2.35,3.14.2,3.1.0,4,AMD EPYC 9554 64-Core Processor,1,1 x NVIDIA RTX A5000,,,4,machine,N
Step #13,2026-04-07T13:59:44,energy-efficiency,cf0a5ca3-f32a-4496-9534-71e200868376,0.42195262759923935,2.502635143585367e-07,5.932680402884235e-07,360.0,168.04658327138628,10.0,4.2527649551630034e-05,1.9852515890761424e-05,1.1811625729832341e-06,6.356132801537458e-05,0.0,Canada,CAN,quebec,,,Linux-5.15.0-152-generic-x86_64-with-glibc2.35,3.14.2,3.1.0,4,AMD EPYC 9554 64-Core Processor,1,1 x NVIDIA RTX A5000,,,4,machine,N
Step #14,2026-04-07T13:59:44,energy-efficiency,cf0a5ca3-f32a-4496-9534-71e200868376,0.42229393124580383,2.473973675736258e-07,5.868001203234457e-07,360.0,166.91432094153356,10.0,4.212919995188677e-05,1.953418228595183e-05,1.1700086813006097e-06,6.283339091913906e-05,0.0,Canada,CAN,quebec,,,Linux-5.15.0-152-generic-x86_64-with-glibc2.35,3.14.2,3.1.0,4,AMD EPYC 9554 64-Core Processor,1,1 x NVIDIA RTX A5000,,,4,machine,N
Step #15,2026-04-07T13:59:45,energy-efficiency,cf0a5ca3-f32a-4496-9534-71e200868376,0.4219401776790619,2.4046224455103084e-07,5.701620885318725e-07,360.0,151.61781097458095,10.0,4.214912243187454e-05,1.7752236459500637e-05,1.1706660915579995e-06,6.107202498293295e-05,0.0,Canada,CAN,quebec,,,Linux-5.15.0-152-generic-x86_64-with-glibc2.35,3.14.2,3.1.0,4,AMD EPYC 9554 64-Core Processor,1,1 x NVIDIA RTX A5000,,,4,machine,N
Step #16,2026-04-07T13:59:45,energy-efficiency,cf0a5ca3-f32a-4496-9534-71e200868376,0.4223181828856468,2.464803307707675e-07,5.844011836955733e-07,360.0,162.47456432385036,10.0,4.232304804027091e-05,1.9101959736644858e-05,1.1754763312637811e-06,6.260048410817922e-05,0.0,Canada,CAN,quebec,,,Linux-5.15.0-152-generic-x86_64-with-glibc2.35,3.14.2,3.1.0,4,AMD EPYC 9554 64-Core Processor,1,1 x NVIDIA RTX A5000,,,4,machine,N
Step #17,2026-04-07T13:59:46,energy-efficiency,cf0a5ca3-f32a-4496-9534-71e200868376,0.42110949009656906,2.4188365398502653e-07,5.750665357577758e-07,360.0,156.19580231492438,10.0,4.20293495059015e-05,1.8236403462879025e-05,1.1672781780362133e-06,6.143303114681652e-05,0.0,Canada,CAN,quebec,,,Linux-5.15.0-152-generic-x86_64-with-glibc2.35,3.14.2,3.1.0,4,AMD EPYC 9554 64-Core Processor,1,1 x NVIDIA RTX A5000,,,4,machine,N
Step #18,2026-04-07T13:59:46,energy-efficiency,cf0a5ca3-f32a-4496-9534-71e200868376,0.4213094934821129,2.3853253034914314e-07,5.665319580111755e-07,360.0,148.40998677517604,10.0,4.2069583386182725e-05,1.734390278329556e-05,1.1684346219731763e-06,6.058192079145142e-05,0.0,Canada,CAN,quebec,,,Linux-5.15.0-152-generic-x86_64-with-glibc2.35,3.14.2,3.1.0,4,AMD EPYC 9554 64-Core Processor,1,1 x NVIDIA RTX A5000,,,4,machine,N
Step #19,2026-04-07T13:59:46,energy-efficiency,cf0a5ca3-f32a-4496-9534-71e200868376,0.41991738229990005,2.4279239568133305e-07,5.785235937567848e-07,360.0,157.20116722341356,10.0,4.2106837779283535e-05,1.8387514700179963e-05,1.1694787070155171e-06,6.166383118647902e-05,0.0,Canada,CAN,quebec,,,Linux-5.15.0-152-generic-x86_64-with-glibc2.35,3.14.2,3.1.0,4,AMD EPYC 9554 64-Core Processor,1,1 x NVIDIA RTX A5000,,,4,machine,N
Step #20,2026-04-07T13:59:47,energy-efficiency,cf0a5ca3-f32a-4496-9534-71e200868376,0.4186395853757858,2.415479208109192e-07,5.772905790126984e-07,360.0,158.21454238797267,10.0,4.181065671145928e-05,1.8375848043206133e-05,1.1612576846447247e-06,6.134776243931026e-05,0.0,Canada,CAN,quebec,,,Linux-5.15.0-152-generic-x86_64-with-glibc2.35,3.14.2,3.1.0,4,AMD EPYC 9554 64-Core Processor,1,1 x NVIDIA RTX A5000,,,4,machine,N
Step #21,2026-04-07T13:59:47,energy-efficiency,cf0a5ca3-f32a-4496-9534-71e200868376,0.41930753365159035,2.409627896139654e-07,5.748854488581119e-07,360.0,158.14652402503845,10.0,4.171471409499666e-05,1.832584797512027e-05,1.158590149134386e-06,6.119915221925159e-05,0.0,Canada,CAN,quebec,,,Linux-5.15.0-152-generic-x86_64-with-glibc2.35,3.14.2,3.1.0,4,AMD EPYC 9554 64-Core Processor,1,1 x NVIDIA RTX A5000,,,4,machine,N
Step #22,2026-04-07T13:59:48,energy-efficiency,cf0a5ca3-f32a-4496-9534-71e200868376,0.42156602442264557,2.544475456882681e-07,6.039443049093402e-07,360.0,182.49343395983598,10.0,4.210778288543226e-05,2.134668375219917e-05,1.169511634442551e-06,6.462397827207422e-05,0.0,Canada,CAN,quebec,,,Linux-5.15.0-152-generic-x86_64-with-glibc2.35,3.14.2,3.1.0,4,AMD EPYC 9554 64-Core Processor,1,1 x NVIDIA RTX A5000,,,4,machine,N
Step #23,2026-04-07T13:59:48,energy-efficiency,cf0a5ca3-f32a-4496-9534-71e200868376,0.42018214613199234,2.3235220739147708e-07,5.533353173508626e-07,360.0,136.77825678468577,10.0,4.1920167207718136e-05,1.5927790514069784e-05,1.164299446261601e-06,5.9012257168049656e-05,0.0,Canada,CAN,quebec,,,Linux-5.15.0-152-generic-x86_64-with-glibc2.35,3.14.2,3.1.0,4,AMD EPYC 9554 64-Core Processor,1,1 x NVIDIA RTX A5000,,,4,machine,N
Step #24,2026-04-07T13:59:49,energy-efficiency,cf0a5ca3-f32a-4496-9534-71e200868376,0.41897469386458397,2.3780461729569813e-07,5.680017559790623e-07,360.0,149.2906823008226,10.0,4.187003299593959e-05,1.7364180564527487e-05,1.1628336169653601e-06,6.039704717743233e-05,0.0,Canada,CAN,quebec,,,Linux-5.15.0-152-generic-x86_64-with-glibc2.35,3.14.2,3.1.0,4,AMD EPYC 9554 64-Core Processor,1,1 x NVIDIA RTX A5000,,,4,machine,N
Step #25,2026-04-07T13:59:49,energy-efficiency,cf0a5ca3-f32a-4496-9534-71e200868376,0.41900091618299484,2.693229992497936e-07,6.435825473814695e-07,360.0,219.15932271551492,10.0,4.179586246609666e-05,2.544529812098517e-05,1.1608497550090024e-06,6.840201034209042e-05,0.0,Canada,CAN,quebec,,,Linux-5.15.0-152-generic-x86_64-with-glibc2.35,3.14.2,3.1.0,4,AMD EPYC 9554 64-Core Processor,1,1 x NVIDIA RTX A5000,,,4,machine,N
Step #26,2026-04-07T13:59:49,energy-efficiency,cf0a5ca3-f32a-4496-9534-71e200868376,0.4178476147353649,2.4564863400844815e-07,5.885909617811307e-07,360.0,168.53408699030783,10.0,4.170562103390698e-05,1.952529339632747e-05,1.1583373260994718e-06,6.238925175633403e-05,0.0,Canada,CAN,quebec,,,Linux-5.15.0-152-generic-x86_64-with-glibc2.35,3.14.2,3.1.0,4,AMD EPYC 9554 64-Core Processor,1,1 x NVIDIA RTX A5000,,,4,machine,N
Step #27,2026-04-07T13:59:50,energy-efficiency,cf0a5ca3-f32a-4496-9534-71e200868376,0.4193926379084587,2.4781935829988323e-07,5.91304211624782e-07,360.0,170.47022212320985,10.0,4.1923410445452065e-05,1.9852793684549397e-05,1.164362983157235e-06,6.294056711315856e-05,0.0,Canada,CAN,quebec,,,Linux-5.15.0-152-generic-x86_64-with-glibc2.35,3.14.2,3.1.0,4,AMD EPYC 9554 64-Core Processor,1,1 x NVIDIA RTX A5000,,,4,machine,N
Step #28,2026-04-07T13:59:50,energy-efficiency,cf0a5ca3-f32a-4496-9534-71e200868376,0.41795356944203377,2.45599152244669e-07,5.879635038853216e-07,360.0,167.81724755305387,10.0,4.175285510718812e-05,1.946418223042201e-05,1.1596471588644819e-06,6.237668449647453e-05,0.0,Canada,CAN,quebec,,,Linux-5.15.0-152-generic-x86_64-with-glibc2.35,3.14.2,3.1.0,4,AMD EPYC 9554 64-Core Processor,1,1 x NVIDIA RTX A5000,,,4,machine,N
Step #29,2026-04-07T13:59:51,energy-efficiency,cf0a5ca3-f32a-4496-9534-71e200868376,0.42047368735074997,2.5041534306262245e-07,5.957612512523283e-07,360.0,174.30612017769812,10.0,4.206408224999899e-05,2.0367516299302224e-05,1.1682905567189162e-06,6.359988910601983e-05,0.0,Canada,CAN,quebec,,,Linux-5.15.0-152-generic-x86_64-with-glibc2.35,3.14.2,3.1.0,4,AMD EPYC 9554 64-Core Processor,1,1 x NVIDIA RTX A5000,,,4,machine,N
Step #30,2026-04-07T13:59:51,energy-efficiency,cf0a5ca3-f32a-4496-9534-71e200868376,0.419794425368309,2.462004775989728e-07,5.869123377732591e-07,360.0,167.00370123339,10.0,4.1918478533625216e-05,1.9446682216539557e-05,1.1642469196683914e-06,6.252940766983319e-05,0.0,Canada,CAN,quebec,,,Linux-5.15.0-152-generic-x86_64-with-glibc2.35,3.14.2,3.1.0,4,AMD EPYC 9554 64-Core Processor,1,1 x NVIDIA RTX A5000,,,4,machine,N
Step #31,2026-04-07T13:59:52,energy-efficiency,cf0a5ca3-f32a-4496-9534-71e200868376,0.42052036896348,2.4202079173441156e-07,5.760675299297154e-07,360.0,157.0623523964757,10.0,4.1984014585614085e-05,1.831779241001641e-05,1.1660540683402002e-06,6.146786106397094e-05,0.0,Canada,CAN,quebec,,,Linux-5.15.0-152-generic-x86_64-with-glibc2.35,3.14.2,3.1.0,4,AMD EPYC 9554 64-Core Processor,1,1 x NVIDIA RTX A5000,,,4,machine,N
Step #32,2026-04-07T13:59:52,energy-efficiency,cf0a5ca3-f32a-4496-9534-71e200868376,0.4190463200211525,2.4695518319694964e-07,5.895056854200214e-07,360.0,169.3588360875513,10.0,4.1863343492150144e-05,1.9695015765819335e-05,1.162726732177854e-06,6.272108599014725e-05,0.0,Canada,CAN,quebec,,,Linux-5.15.0-152-generic-x86_64-with-glibc2.35,3.14.2,3.1.0,4,AMD EPYC 9554 64-Core Processor,1,1 x NVIDIA RTX A5000,,,4,machine,N
Step #33,2026-04-07T13:59:52,energy-efficiency,cf0a5ca3-f32a-4496-9534-71e200868376,0.4202144704759121,2.4294175580537395e-07,5.784956054899093e-07,360.0,159.23249725852176,10.0,4.1971043869853085e-05,1.8565014840987715e-05,1.165706602235646e-06,6.170176531307674e-05,0.0,Canada,CAN,quebec,,,Linux-5.15.0-152-generic-x86_64-with-glibc2.35,3.14.2,3.1.0,4,AMD EPYC 9554 64-Core Processor,1,1 x NVIDIA RTX A5000,,,4,machine,N
Step #34,2026-04-07T13:59:53,energy-efficiency,cf0a5ca3-f32a-4496-9534-71e200868376,0.4201429821550846,2.4635884379289714e-07,5.865059040080447e-07,360.0,165.49564594130976,10.0,4.20635540038343e-05,1.9337793247586887e-05,1.1682818850709353e-06,6.25696291364922e-05,0.0,Canada,CAN,quebec,,,Linux-5.15.0-152-generic-x86_64-with-glibc2.35,3.14.2,3.1.0,4,AMD EPYC 9554 64-Core Processor,1,1 x NVIDIA RTX A5000,,,4,machine,N
Step #35,2026-04-07T13:59:53,energy-efficiency,cf0a5ca3-f32a-4496-9534-71e200868376,0.42005614563822746,2.654140746278217e-07,6.323853373609253e-07,360.0,208.57769981168312,10.0,4.194237627088999e-05,2.4301963890138722e-05,1.1648908671405597e-06,6.740923102816886e-05,0.0,Canada,CAN,quebec,,,Linux-5.15.0-152-generic-x86_64-with-glibc2.35,3.14.2,3.1.0,4,AMD EPYC 9554 64-Core Processor,1,1 x NVIDIA RTX A5000,,,4,machine,N
Step #36,2026-04-07T13:59:54,energy-efficiency,cf0a5ca3-f32a-4496-9534-71e200868376,0.4205568879842758,2.3813502974133192e-07,5.662860652839247e-07,360.0,148.09793094593667,10.0,4.2024495452642335e-05,1.7289458270397517e-05,1.1670108160210906e-06,6.048096453906138e-05,0.0,Canada,CAN,quebec,,,Linux-5.15.0-152-generic-x86_64-with-glibc2.35,3.14.2,3.1.0,4,AMD EPYC 9554 64-Core Processor,1,1 x NVIDIA RTX A5000,,,4,machine,N
Step #37,2026-04-07T13:59:54,energy-efficiency,cf0a5ca3-f32a-4496-9534-71e200868376,0.4205431006848812,2.403398618496051e-07,5.72158874555664e-07,360.0,150.67897770460294,10.0,4.2203519120812515e-05,1.766529192082089e-05,1.1721314758890086e-06,6.104094251752241e-05,0.0,Canada,CAN,quebec,,,Linux-5.15.0-152-generic-x86_64-with-glibc2.35,3.14.2,3.1.0,4,AMD EPYC 9554 64-Core Processor,1,1 x NVIDIA RTX A5000,,,4,machine,N
Step #38,2026-04-07T13:59:55,energy-efficiency,cf0a5ca3-f32a-4496-9534-71e200868376,0.42310409620404243,2.631030008027051e-07,6.22166236226779e-07,360.0,199.02170030415937,10.0,4.22755979001526e-05,2.337251868311796e-05,1.1741534496346984e-06,6.682227003290513e-05,0.0,Canada,CAN,quebec,,,Linux-5.15.0-152-generic-x86_64-with-glibc2.35,3.14.2,3.1.0,4,AMD EPYC 9554 64-Core Processor,1,1 x NVIDIA RTX A5000,,,4,machine,N
Step #39,2026-04-07T13:59:55,energy-efficiency,cf0a5ca3-f32a-4496-9534-71e200868376,0.42081671208143234,2.3569564268225899e-07,5.603661974069397e-07,360.0,142.60697246843415,10.0,4.2039880901575434e-05,1.6653902235930218e-05,1.167631718433556e-06,5.986141485593913e-05,0.0,Canada,CAN,quebec,,,Linux-5.15.0-152-generic-x86_64-with-glibc2.35,3.14.2,3.1.0,4,AMD EPYC 9554 64-Core Processor,1,1 x NVIDIA RTX A5000,,,4,machine,N
Step #40,2026-04-07T13:59:55,energy-efficiency,cf0a5ca3-f32a-4496-9534-71e200868376,0.41973981633782387,2.5466155741655605e-07,6.069688431119511e-07,360.0,185.82950161958507,10.0,4.1890421509743064e-05,2.1624461737701495e-05,1.1634492108391421e-06,6.467833245828343e-05,0.0,Canada,CAN,quebec,,,Linux-5.15.0-152-generic-x86_64-with-glibc2.35,3.14.2,3.1.0,4,AMD EPYC 9554 64-Core Processor,1,1 x NVIDIA RTX A5000,,,4,machine,N
Step #41,2026-04-07T13:59:56,energy-efficiency,cf0a5ca3-f32a-4496-9534-71e200868376,0.4204028286039829,2.734716275754527e-07,6.505403856906619e-07,360.0,225.08961799071878,10.0,4.2016753554344546e-05,2.6271965452906443e-05,1.166950021353044e-06,6.945566902860374e-05,0.0,Canada,CAN,quebec,,,Linux-5.15.0-152-generic-x86_64-with-glibc2.35,3.14.2,3.1.0,4,AMD EPYC 9554 64-Core Processor,1,1 x NVIDIA RTX A5000,,,4,machine,N
Step #42,2026-04-07T13:59:56,energy-efficiency,cf0a5ca3-f32a-4496-9534-71e200868376,0.4207790531218052,2.5577432028385955e-07,6.081545096062755e-07,360.0,182.9575829283615,10.0,4.229190014302768e-05,2.149446163457469e-05,1.174587528738713e-06,6.496094930634119e-05,0.0,Canada,CAN,quebec,,,Linux-5.15.0-152-generic-x86_64-with-glibc2.35,3.14.2,3.1.0,4,AMD EPYC 9554 64-Core Processor,1,1 x NVIDIA RTX A5000,,,4,machine,N
Step #43,2026-04-07T13:59:57,energy-efficiency,cf0a5ca3-f32a-4496-9534-71e200868376,0.4232475124299526,2.513030359768913e-07,5.940415298023282e-07,360.0,173.42624891872492,10.0,4.2281541228294736e-05,2.0369460742131196e-05,1.1743412560059018e-06,6.382534322643164e-05,0.0,Canada,CAN,quebec,,,Linux-5.15.0-152-generic-x86_64-with-glibc2.35,3.14.2,3.1.0,4,AMD EPYC 9554 64-Core Processor,1,1 x NVIDIA RTX A5000,,,4,machine,N
Step #44,2026-04-07T13:59:57,energy-efficiency,cf0a5ca3-f32a-4496-9534-71e200868376,0.420909583568573,2.525804339987302e-07,6.004889159499751e-07,360.0,179.34817160752863,10.0,4.2038295418023695e-05,2.0943905667536455e-05,1.1675726311902114e-06,6.414977371675071e-05,0.0,Canada,CAN,quebec,,,Linux-5.15.0-152-generic-x86_64-with-glibc2.35,3.14.2,3.1.0,4,AMD EPYC 9554 64-Core Processor,1,1 x NVIDIA RTX A5000,,,4,machine,N
Step #45,2026-04-07T13:59:58,energy-efficiency,cf0a5ca3-f32a-4496-9534-71e200868376,0.421296201646328,2.4676638915216e-07,5.860835223049528e-07,360.0,166.35848493603424,10.0,4.20653458684684e-05,1.9439459975956197e-05,1.168330686373832e-06,6.267313653079802e-05,0.0,Canada,CAN,quebec,,,Linux-5.15.0-152-generic-x86_64-with-glibc2.35,3.14.2,3.1.0,4,AMD EPYC 9554 64-Core Processor,1,1 x NVIDIA RTX A5000,,,4,machine,N
Step #46,2026-04-07T13:59:58,energy-efficiency,cf0a5ca3-f32a-4496-9534-71e200868376,0.4209323152899742,2.4551968273743414e-07,5.835420605657172e-07,360.0,163.8886766414102,10.0,4.204645901918422e-05,1.9142237533742446e-05,1.167804468423135e-06,6.23565010213498e-05,0.0,Canada,CAN,quebec,,,Linux-5.15.0-152-generic-x86_64-with-glibc2.35,3.14.2,3.1.0,4,AMD EPYC 9554 64-Core Processor,1,1 x NVIDIA RTX A5000,,,4,machine,N
Step #47,2026-04-07T13:59:59,energy-efficiency,cf0a5ca3-f32a-4496-9534-71e200868376,0.42117680609226227,2.5518670474110783e-07,6.058472597555933e-07,360.0,177.24236761154785,10.0,4.263558126986044e-05,2.099196123594993e-05,1.18416561227706e-06,6.481170811808729e-05,0.0,Canada,CAN,quebec,,,Linux-5.15.0-152-generic-x86_64-with-glibc2.35,3.14.2,3.1.0,4,AMD EPYC 9554 64-Core Processor,1,1 x NVIDIA RTX A5000,,,4,machine,N
Step #48,2026-04-07T13:59:59,energy-efficiency,cf0a5ca3-f32a-4496-9534-71e200868376,0.42116567865014076,2.4794054469571167e-07,5.89521945968154e-07,360.0,169.45983727670287,10.0,4.202254638075841e-05,1.9781682510711107e-05,1.1671168522702348e-06,6.29713457437394e-05,0.0,Canada,CAN,quebec,,,Linux-5.15.0-152-generic-x86_64-with-glibc2.35,3.14.2,3.1.0,4,AMD EPYC 9554 64-Core Processor,1,1 x NVIDIA RTX A5000,,,4,machine,N
Step #49,2026-04-07T13:59:59,energy-efficiency,cf0a5ca3-f32a-4496-9534-71e200868376,0.4228946343064308,2.4171801801587984e-07,5.721217796756271e-07,360.0,153.28266821197676,10.0,4.223442375659962e-05,1.7983625497208777e-05,1.172914066248468e-06,6.139096332005711e-05,0.0,Canada,CAN,quebec,,,Linux-5.15.0-152-generic-x86_64-with-glibc2.35,3.14.2,3.1.0,4,AMD EPYC 9554 64-Core Processor,1,1 x NVIDIA RTX A5000,,,4,machine,N
Step #50,2026-04-07T14:00:00,energy-efficiency,cf0a5ca3-f32a-4496-9534-71e200868376,0.42505423352122307,2.540044158782953e-07,5.975897298381481e-07,360.0,175.81778586907,10.0,4.2548538744449985e-05,2.078112771641827e-05,1.181766763329507e-06,6.451143322419757e-05,0.0,Canada,CAN,quebec,,,Linux-5.15.0-152-generic-x86_64-with-glibc2.35,3.14.2,3.1.0,4,AMD EPYC 9554 64-Core Processor,1,1 x NVIDIA RTX A5000,,,4,machine,N
Step #51,2026-04-07T14:00:00,energy-efficiency,cf0a5ca3-f32a-4496-9534-71e200868376,0.4224865660071373,2.4609469847716256e-07,5.830589063555214e-07,360.0,160.01274040650026,10.0,4.245313145220288e-05,1.8870292876727035e-05,1.179117812878563e-06,6.250254214180875e-05,0.0,Canada,CAN,quebec,,,Linux-5.15.0-152-generic-x86_64-with-glibc2.35,3.14.2,3.1.0,4,AMD EPYC 9554 64-Core Processor,1,1 x NVIDIA RTX A5000,,,4,machine,N
Step #52,2026-04-07T14:00:01,energy-efficiency,cf0a5ca3-f32a-4496-9534-71e200868376,0.4209241159260273,2.6344086940187543e-07,6.261902959915147e-07,360.0,202.85498130679946,10.0,4.20466374605891e-05,2.3693630055277026e-05,1.167813574688302e-06,6.690808109055448e-05,0.0,Canada,CAN,quebec,,,Linux-5.15.0-152-generic-x86_64-with-glibc2.35,3.14.2,3.1.0,4,AMD EPYC 9554 64-Core Processor,1,1 x NVIDIA RTX A5000,,,4,machine,N
Step #53,2026-04-07T14:00:01,energy-efficiency,cf0a5ca3-f32a-4496-9534-71e200868376,0.4223085902631283,2.4702186034735e-07,5.852496303637695e-07,360.0,165.45327165032185,10.0,4.218009673058985e-05,1.9386404403576307e-05,1.17151935895285e-06,6.273802049311904e-05,0.0,Canada,CAN,quebec,,,Linux-5.15.0-152-generic-x86_64-with-glibc2.35,3.14.2,3.1.0,4,AMD EPYC 9554 64-Core Processor,1,1 x NVIDIA RTX A5000,,,4,machine,N
Step #54,2026-04-07T14:00:02,energy-efficiency,cf0a5ca3-f32a-4496-9534-71e200868376,0.4225534051656723,2.430586937813085e-07,5.755335935646541e-07,360.0,153.9269221737033,10.0,4.241641759872468e-05,1.813695897112666e-05,1.178088370296684e-06,6.173146494014778e-05,0.0,Canada,CAN,quebec,,,Linux-5.15.0-152-generic-x86_64-with-glibc2.35,3.14.2,3.1.0,4,AMD EPYC 9554 64-Core Processor,1,1 x NVIDIA RTX A5000,,,4,machine,N
Step #55,2026-04-07T14:00:02,energy-efficiency,cf0a5ca3-f32a-4496-9534-71e200868376,0.4221026822924614,2.628946865605978e-07,6.232128732659929e-07,360.0,200.12151143653995,10.0,4.216060936450966e-05,2.3437796500047625e-05,1.1709570160342543e-06,6.67693628805914e-05,0.0,Canada,CAN,quebec,,,Linux-5.15.0-152-generic-x86_64-with-glibc2.35,3.14.2,3.1.0,4,AMD EPYC 9554 64-Core Processor,1,1 x NVIDIA RTX A5000,,,4,machine,N
Step #56,2026-04-07T14:00:02,energy-efficiency,cf0a5ca3-f32a-4496-9534-71e200868376,0.422299113124609,2.4587147270703567e-07,5.824780949126831e-07,360.0,162.98651995177747,10.0,4.2177978530526586e-05,1.9096404201945916e-05,1.171465062846746e-06,6.244584779531957e-05,0.0,Canada,CAN,quebec,,,Linux-5.15.0-152-generic-x86_64-with-glibc2.35,3.14.2,3.1.0,4,AMD EPYC 9554 64-Core Processor,1,1 x NVIDIA RTX A5000,,,4,machine,N
Step #57,2026-04-07T14:00:03,energy-efficiency,cf0a5ca3-f32a-4496-9534-71e200868376,0.4232187569141388,2.434286053194699e-07,5.753259219522962e-07,360.0,154.58002776747927,10.0,4.2428106069565194e-05,1.821890344899657e-05,1.1784046681390938e-06,6.182541418670116e-05,0.0,Canada,CAN,quebec,,,Linux-5.15.0-152-generic-x86_64-with-glibc2.35,3.14.2,3.1.0,4,AMD EPYC 9554 64-Core Processor,1,1 x NVIDIA RTX A5000,,,4,machine,N
Step #58,2026-04-07T14:00:03,energy-efficiency,cf0a5ca3-f32a-4496-9534-71e200868376,0.42276420816779137,2.619516319445338e-07,6.199637402472048e-07,360.0,197.1729692965309,10.0,4.2227822542190326e-05,2.3129185166226307e-05,1.1728404193288777e-06,6.652984812774519e-05,0.0,Canada,CAN,quebec,,,Linux-5.15.0-152-generic-x86_64-with-glibc2.35,3.14.2,3.1.0,4,AMD EPYC 9554 64-Core Processor,1,1 x NVIDIA RTX A5000,,,4,machine,N
Step #59,2026-04-07T14:00:04,energy-efficiency,cf0a5ca3-f32a-4496-9534-71e200868376,0.42232032120227814,2.4622882591290006e-07,5.834284852298771e-07,360.0,163.72077725333406,10.0,4.2181175574660355e-05,1.9183904242936478e-05,1.1715276891158797e-06,6.253660750671266e-05,0.0,Canada,CAN,quebec,,,Linux-5.15.0-152-generic-x86_64-with-glibc2.35,3.14.2,3.1.0,4,AMD EPYC 9554 64-Core Processor,1,1 x NVIDIA RTX A5000,,,4,machine,N
Step #60,2026-04-07T14:00:04,energy-efficiency,cf0a5ca3-f32a-4496-9534-71e200868376,0.4317656457424164,2.391186223132107e-07,5.654061703480642e-07,360.0,146.57162781529667,10.0,4.2323046550154717e-05,1.7232235990150002e-05,1.1754924845364296e-06,6.073077502484134e-05,0.0,Canada,CAN,quebec,,,Linux-5.15.0-152-generic-x86_64-with-glibc2.35,3.14.2,3.1.0,4,AMD EPYC 9554 64-Core Processor,1,1 x NVIDIA RTX A5000,,,4,machine,N
Step #61,2026-04-07T14:00:05,energy-efficiency,cf0a5ca3-f32a-4496-9534-71e200868376,0.42128274217247963,2.602343622246691e-07,6.180847960283545e-07,360.0,195.4457657963406,10.0,4.20791491866114e-05,2.284585161760333e-05,1.1686992728047942e-06,6.60937000770195e-05,0.0,Canada,CAN,quebec,,,Linux-5.15.0-152-generic-x86_64-with-glibc2.35,3.14.2,3.1.0,4,AMD EPYC 9554 64-Core Processor,1,1 x NVIDIA RTX A5000,,,4,machine,N
Step #62,2026-04-07T14:00:05,energy-efficiency,cf0a5ca3-f32a-4496-9534-71e200868376,0.7653009109199047,3.9985469374695013e-07,5.226462133284158e-07,360.0,105.91222122299413,10.0,7.681955918669662e-05,2.260085142324897e-05,2.1337268874049235e-06,0.00010155413749735054,0.0,Canada,CAN,quebec,,,Linux-5.15.0-152-generic-x86_64-with-glibc2.35,3.14.2,3.1.0,4,AMD EPYC 9554 64-Core Processor,1,1 x NVIDIA RTX A5000,,,4,machine,N
Step #63,2026-04-07T14:00:06,energy-efficiency,cf0a5ca3-f32a-4496-9534-71e200868376,0.7074085138738155,3.944624411065972e-07,5.578348146427229e-07,360.0,140.98477740554964,10.0,7.058192417025606e-05,2.7642244333492272e-05,1.960457582026728e-06,0.00010018462608577406,0.0,Canada,CAN,quebec,,,Linux-5.15.0-152-generic-x86_64-with-glibc2.35,3.14.2,3.1.0,4,AMD EPYC 9554 64-Core Processor,1,1 x NVIDIA RTX A5000,,,4,machine,N
Step #64,2026-04-07T14:00:07,energy-efficiency,cf0a5ca3-f32a-4496-9534-71e200868376,0.7495118081569672,3.9509699037884154e-07,5.271624829760524e-07,360.0,113.27094123342548,10.0,7.474976256489733e-05,2.3519741034760955e-05,2.0762837905850785e-06,0.00010034578739024323,0.0,Canada,CAN,quebec,,,Linux-5.15.0-152-generic-x86_64-with-glibc2.35,3.14.2,3.1.0,4,AMD EPYC 9554 64-Core Processor,1,1 x NVIDIA RTX A5000,,,4,machine,N
Step #65,2026-04-07T14:00:08,energy-efficiency,cf0a5ca3-f32a-4496-9534-71e200868376,0.701256912201643,3.794405835206191e-07,5.414831694972497e-07,360.0,125.2498792492171,10.0,7.005117572844027e-05,2.4372519504822776e-05,1.9457154389884842e-06,9.636941067225208e-05,0.0,Canada,CAN,quebec,,,Linux-5.15.0-152-generic-x86_64-with-glibc2.35,3.14.2,3.1.0,4,AMD EPYC 9554 64-Core Processor,1,1 x NVIDIA RTX A5000,,,4,machine,N
Step #66,2026-04-07T14:00:08,energy-efficiency,cf0a5ca3-f32a-4496-9534-71e200868376,0.7450837604701519,4.3493375956718853e-07,5.840760295267698e-07,360.0,163.70680600899146,10.0,7.451021894812598e-05,3.388363822409701e-05,2.0695774505535705e-06,0.00011046343462277515,0.0,Canada,CAN,quebec,,,Linux-5.15.0-152-generic-x86_64-with-glibc2.35,3.14.2,3.1.0,4,AMD EPYC 9554 64-Core Processor,1,1 x NVIDIA RTX A5000,,,4,machine,N
Step #67,2026-04-07T14:00:09,energy-efficiency,cf0a5ca3-f32a-4496-9534-71e200868376,0.4691489040851593,2.862344281975271e-07,6.100922389047258e-07,360.0,188.03921601465876,10.0,4.689764194190475e-05,2.449696404482893e-05,1.302528577960192e-06,7.26971345646945e-05,0.0,Canada,CAN,quebec,,,Linux-5.15.0-152-generic-x86_64-with-glibc2.35,3.14.2,3.1.0,4,AMD EPYC 9554 64-Core Processor,1,1 x NVIDIA RTX A5000,,,4,machine,N
Step #68,2026-04-07T14:00:09,energy-efficiency,cf0a5ca3-f32a-4496-9534-71e200868376,0.4246898591518402,2.534304183222935e-07,5.970316344007322e-07,360.0,177.9135127561626,10.0,4.229022450745121e-05,2.0900850046245978e-05,1.1745761459072408e-06,6.436565069960383e-05,0.0,Canada,CAN,quebec,,,Linux-5.15.0-152-generic-x86_64-with-glibc2.35,3.14.2,3.1.0,4,AMD EPYC 9554 64-Core Processor,1,1 x NVIDIA RTX A5000,,,4,machine,N
Step #69,2026-04-07T14:00:10,energy-efficiency,cf0a5ca3-f32a-4496-9534-71e200868376,0.42345772683620453,2.4838214195583723e-07,5.86712903002928e-07,360.0,166.79354451600028,10.0,4.2306507006287415e-05,1.960196013328641e-05,1.1750344187021157e-06,6.308350155827605e-05,0.0,Canada,CAN,quebec,,,Linux-5.15.0-152-generic-x86_64-with-glibc2.35,3.14.2,3.1.0,4,AMD EPYC 9554 64-Core Processor,1,1 x NVIDIA RTX A5000,,,4,machine,N
Step #70,2026-04-07T14:00:10,energy-efficiency,cf0a5ca3-f32a-4496-9534-71e200868376,0.42313941568136215,2.678518017898112e-07,6.333773313866926e-07,360.0,209.21462223184975,10.0,4.228122942149647e-05,2.457279742884566e-05,1.1743322842650982e-06,6.802835913460696e-05,0.0,Canada,CAN,quebec,,,Linux-5.15.0-152-generic-x86_64-with-glibc2.35,3.14.2,3.1.0,4,AMD EPYC 9554 64-Core Processor,1,1 x NVIDIA RTX A5000,,,4,machine,N
Step #71,2026-04-07T14:00:11,energy-efficiency,cf0a5ca3-f32a-4496-9534-71e200868376,0.4244854524731636,2.5108262327340464e-07,5.920810208539013e-07,360.0,169.2637118398272,10.0,4.2570371925830866e-05,2.0016682668710928e-05,1.182308741327795e-06,6.376936333587005e-05,0.0,Canada,CAN,quebec,,,Linux-5.15.0-152-generic-x86_64-with-glibc2.35,3.14.2,3.1.0,4,AMD EPYC 9554 64-Core Processor,1,1 x NVIDIA RTX A5000,,,4,machine,N
Step #72,2026-04-07T14:00:11,energy-efficiency,cf0a5ca3-f32a-4496-9534-71e200868376,0.4248027689754963,2.460278751659315e-07,5.791357514922846e-07,360.0,155.9752635331985,10.0,4.2767444998026254e-05,1.853029260701078e-05,1.1878329122232015e-06,6.248557051725945e-05,0.0,Canada,CAN,quebec,,,Linux-5.15.0-152-generic-x86_64-with-glibc2.35,3.14.2,3.1.0,4,AMD EPYC 9554 64-Core Processor,1,1 x NVIDIA RTX A5000,,,4,machine,N
Step #73,2026-04-07T14:00:11,energy-efficiency,cf0a5ca3-f32a-4496-9534-71e200868376,0.42505739256739616,2.503675289962227e-07,5.89646794544762e-07,360.0,172.76812728553023,10.0,4.217523224651822e-05,2.024112728804539e-05,1.171385869383815e-06,6.358774540394727e-05,0.0,Canada,CAN,quebec,,,Linux-5.15.0-152-generic-x86_64-with-glibc2.35,3.14.2,3.1.0,4,AMD EPYC 9554 64-Core Processor,1,1 x NVIDIA RTX A5000,,,4,machine,N
Step #74,2026-04-07T14:00:12,energy-efficiency,cf0a5ca3-f32a-4496-9534-71e200868376,0.42561492696404457,2.4788596112977645e-07,5.826692882668087e-07,360.0,166.8159117401366,10.0,4.2220307886600694e-05,1.9564460131960004e-05,1.1727147218253923e-06,6.29574827403865e-05,0.0,Canada,CAN,quebec,,,Linux-5.15.0-152-generic-x86_64-with-glibc2.35,3.14.2,3.1.0,4,AMD EPYC 9554 64-Core Processor,1,1 x NVIDIA RTX A5000,,,4,machine,N
Step #75,2026-04-07T14:00:12,energy-efficiency,cf0a5ca3-f32a-4496-9534-71e200868376,0.4299589581787586,2.645438606187068e-07,6.156652315947112e-07,360.0,198.70728988075012,10.0,4.2530565336347005e-05,2.3476407648104214e-05,1.1812431737780443e-06,6.718821615822775e-05,0.0,Canada,CAN,quebec,,,Linux-5.15.0-152-generic-x86_64-with-glibc2.35,3.14.2,3.1.0,4,AMD EPYC 9554 64-Core Processor,1,1 x NVIDIA RTX A5000,,,4,machine,N
Step #76,2026-04-07T14:00:13,energy-efficiency,cf0a5ca3-f32a-4496-9534-71e200868376,0.42749612778425217,2.484273876371572e-07,5.814711868357537e-07,360.0,165.0337026422064,10.0,4.2453373223542805e-05,1.9462515581381012e-05,1.1791041431327535e-06,6.309499294805676e-05,0.0,Canada,CAN,quebec,,,Linux-5.15.0-152-generic-x86_64-with-glibc2.35,3.14.2,3.1.0,4,AMD EPYC 9554 64-Core Processor,1,1 x NVIDIA RTX A5000,,,4,machine,N
Step #77,2026-04-07T14:00:13,energy-efficiency,cf0a5ca3-f32a-4496-9534-71e200868376,0.42548270896077156,2.411893667975587e-07,5.673816200784405e-07,360.0,149.1050183553142,10.0,4.2481239512563024e-05,1.7595569630657337e-05,1.1798886064854014e-06,6.125669774970609e-05,0.0,Canada,CAN,quebec,,,Linux-5.15.0-152-generic-x86_64-with-glibc2.35,3.14.2,3.1.0,4,AMD EPYC 9554 64-Core Processor,1,1 x NVIDIA RTX A5000,,,4,machine,N
Step #78,2026-04-07T14:00:14,energy-efficiency,cf0a5ca3-f32a-4496-9534-71e200868376,0.42640670016407967,2.576913406887043e-07,6.047538662822662e-07,360.0,183.25123603325662,10.0,4.258639737963685e-05,2.1678628428389857e-05,1.182803749624219e-06,6.544782955765147e-05,0.0,Canada,CAN,quebec,,,Linux-5.15.0-152-generic-x86_64-with-glibc2.35,3.14.2,3.1.0,4,AMD EPYC 9554 64-Core Processor,1,1 x NVIDIA RTX A5000,,,4,machine,N
Step #79,2026-04-07T14:00:14,energy-efficiency,cf0a5ca3-f32a-4496-9534-71e200868376,0.42556095495820045,2.425170574670482e-07,5.701420661334035e-07,360.0,151.5462573943949,10.0,4.251504167914356e-05,1.7898069899047186e-05,1.1807898680369017e-06,6.159390144622884e-05,0.0,Canada,CAN,quebec,,,Linux-5.15.0-152-generic-x86_64-with-glibc2.35,3.14.2,3.1.0,4,AMD EPYC 9554 64-Core Processor,1,1 x NVIDIA RTX A5000,,,4,machine,N
Step #80,2026-04-07T14:00:14,energy-efficiency,cf0a5ca3-f32a-4496-9534-71e200868376,0.42490389943122864,2.3855370842210355e-07,5.618525449473176e-07,360.0,143.59519446994327,10.0,4.246777705848182e-05,1.6940013551902666e-05,1.179508937315817e-06,6.0587299547701715e-05,0.0,Canada,CAN,quebec,,,Linux-5.15.0-152-generic-x86_64-with-glibc2.35,3.14.2,3.1.0,4,AMD EPYC 9554 64-Core Processor,1,1 x NVIDIA RTX A5000,,,4,machine,N
Step #81,2026-04-07T14:00:15,energy-efficiency,cf0a5ca3-f32a-4496-9534-71e200868376,0.42550453916192055,2.441941203718627e-07,5.743015281509353e-07,360.0,157.29491609379724,10.0,4.234240613877789e-05,1.8501403701520758e-05,1.1760280260609136e-06,6.201983786635959e-05,0.0,Canada,CAN,quebec,,,Linux-5.15.0-152-generic-x86_64-with-glibc2.35,3.14.2,3.1.0,4,AMD EPYC 9554 64-Core Processor,1,1 x NVIDIA RTX A5000,,,4,machine,N
Step #82,2026-04-07T14:00:15,energy-efficiency,cf0a5ca3-f32a-4496-9534-71e200868376,0.42816946282982826,2.4567262677636123e-07,5.738701733537186e-07,360.0,158.8470073339302,10.0,4.247371964156629e-05,1.874195945106294e-05,1.1796662894387935e-06,6.239534538206824e-05,0.0,Canada,CAN,quebec,,,Linux-5.15.0-152-generic-x86_64-with-glibc2.35,3.14.2,3.1.0,4,AMD EPYC 9554 64-Core Processor,1,1 x NVIDIA RTX A5000,,,4,machine,N
Step #83,2026-04-07T14:00:16,energy-efficiency,cf0a5ca3-f32a-4496-9534-71e200868376,0.4291570261120796,2.623909606412942e-07,6.117035556821148e-07,360.0,193.86574278546146,10.0,4.254668876528707e-05,2.2913073877361967e-05,1.1816651353405508e-06,6.664142777798934e-05,0.0,Canada,CAN,quebec,,,Linux-5.15.0-152-generic-x86_64-with-glibc2.35,3.14.2,3.1.0,4,AMD EPYC 9554 64-Core Processor,1,1 x NVIDIA RTX A5000,,,4,machine,N
Step #84,2026-04-07T14:00:16,energy-efficiency,cf0a5ca3-f32a-4496-9534-71e200868376,0.43058566376566887,2.5630223959138544e-07,5.952625596739797e-07,360.0,180.09398381959065,10.0,4.259991943836219e-05,2.1311961489800524e-05,1.183148059580064e-06,6.509502898774215e-05,0.0,Canada,CAN,quebec,,,Linux-5.15.0-152-generic-x86_64-with-glibc2.35,3.14.2,3.1.0,4,AMD EPYC 9554 64-Core Processor,1,1 x NVIDIA RTX A5000,,,4,machine,N
Step #85,2026-04-07T14:00:17,energy-efficiency,cf0a5ca3-f32a-4496-9534-71e200868376,0.427313931286335,2.5388917448015177e-07,5.945812262502944e-07,360.0,177.0305366037266,10.0,4.243519455194439e-05,2.0868350020464277e-05,1.1786199174821288e-06,6.448216448989158e-05,0.0,Canada,CAN,quebec,,,Linux-5.15.0-152-generic-x86_64-with-glibc2.35,3.14.2,3.1.0,4,AMD EPYC 9554 64-Core Processor,1,1 x NVIDIA RTX A5000,,,4,machine,N
Step #86,2026-04-07T14:00:17,energy-efficiency,cf0a5ca3-f32a-4496-9534-71e200868376,0.4289567321538925,2.7792958780454343e-07,6.482259371229508e-07,360.0,225.40669996165533,10.0,4.267888776958006e-05,2.672363251576826e-05,1.1853708057767728e-06,7.058789109112493e-05,0.0,Canada,CAN,quebec,,,Linux-5.15.0-152-generic-x86_64-with-glibc2.35,3.14.2,3.1.0,4,AMD EPYC 9554 64-Core Processor,1,1 x NVIDIA RTX A5000,,,4,machine,N
Step #87,2026-04-07T14:00:18,energy-efficiency,cf0a5ca3-f32a-4496-9534-71e200868376,0.4235088974237442,2.535128023818152e-07,5.989022711358139e-07,360.0,177.72613408798506,10.0,4.23184406012295e-05,2.089279448114212e-05,1.1753393233650212e-06,6.438657440573786e-05,0.0,Canada,CAN,quebec,,,Linux-5.15.0-152-generic-x86_64-with-glibc2.35,3.14.2,3.1.0,4,AMD EPYC 9554 64-Core Processor,1,1 x NVIDIA RTX A5000,,,4,machine,N
Step #88,2026-04-07T14:00:18,energy-efficiency,cf0a5ca3-f32a-4496-9534-71e200868376,0.42411406710743904,2.4779487317788446e-07,5.846361221089781e-07,360.0,164.77222586371968,10.0,4.236598610877964e-05,1.9391682172908986e-05,1.1766801588237162e-06,6.293434844051315e-05,0.0,Canada,CAN,quebec,,,Linux-5.15.0-152-generic-x86_64-with-glibc2.35,3.14.2,3.1.0,4,AMD EPYC 9554 64-Core Processor,1,1 x NVIDIA RTX A5000,,,4,machine,N
Step #89,2026-04-07T14:00:18,energy-efficiency,cf0a5ca3-f32a-4496-9534-71e200868376,0.4259887747466564,2.5324579098154077e-07,5.956202502748261e-07,360.0,173.85108272611475,10.0,4.257513508200677e-05,2.0561127570317694e-05,1.182496837443789e-06,6.431875948976692e-05,0.0,Canada,CAN,quebec,,,Linux-5.15.0-152-generic-x86_64-with-glibc2.35,3.14.2,3.1.0,4,AMD EPYC 9554 64-Core Processor,1,1 x NVIDIA RTX A5000,,,4,machine,N
Step #90,2026-04-07T14:00:19,energy-efficiency,cf0a5ca3-f32a-4496-9534-71e200868376,0.42582035064697266,2.5357508683489585e-07,5.956775277571351e-07,360.0,170.58372368520585,10.0,4.288815446198014e-05,2.032307179433701e-05,1.1911670056482116e-06,6.440239326196452e-05,0.0,Canada,CAN,quebec,,,Linux-5.15.0-152-generic-x86_64-with-glibc2.35,3.14.2,3.1.0,4,AMD EPYC 9554 64-Core Processor,1,1 x NVIDIA RTX A5000,,,4,machine,N
Step #91,2026-04-07T14:00:19,energy-efficiency,cf0a5ca3-f32a-4496-9534-71e200868376,0.42534273862838745,2.701269122368257e-07,6.35521524666076e-07,360.0,212.08923976169797,10.0,4.242967516183884e-05,2.4998075559778954e-05,1.1784355156123512e-06,6.860618623722933e-05,0.0,Canada,CAN,quebec,,,Linux-5.15.0-152-generic-x86_64-with-glibc2.35,3.14.2,3.1.0,4,AMD EPYC 9554 64-Core Processor,1,1 x NVIDIA RTX A5000,,,4,machine,N
Step #92,2026-04-07T14:00:20,energy-efficiency,cf0a5ca3-f32a-4496-9534-71e200868376,0.42791077122092247,2.5137375994493813e-07,5.876632495123261e-07,360.0,172.06289401268293,10.0,4.2399828881025704e-05,2.0265849542511205e-05,1.1776271069215323e-06,6.384330553045776e-05,0.0,Canada,CAN,quebec,,,Linux-5.15.0-152-generic-x86_64-with-glibc2.35,3.14.2,3.1.0,4,AMD EPYC 9554 64-Core Processor,1,1 x NVIDIA RTX A5000,,,4,machine,N
Step #93,2026-04-07T14:00:20,energy-efficiency,cf0a5ca3-f32a-4496-9534-71e200868376,0.4257212467491627,2.507992796043951e-07,5.895001036877085e-07,360.0,169.40857045311742,10.0,4.251110926270507e-05,2.0005571542469625e-05,1.1807195842266087e-06,6.36974003894019e-05,0.0,Canada,CAN,quebec,,,Linux-5.15.0-152-generic-x86_64-with-glibc2.35,3.14.2,3.1.0,4,AMD EPYC 9554 64-Core Processor,1,1 x NVIDIA RTX A5000,,,4,machine,N
Step #94,2026-04-07T14:00:21,energy-efficiency,cf0a5ca3-f32a-4496-9534-71e200868376,0.42577818036079407,2.6709300630093957e-07,6.277160640561565e-07,360.0,204.20867727160157,10.0,4.252886250615158e-05,2.4125574867639443e-05,1.1812046998076968e-06,6.783564207359788e-05,0.0,Canada,CAN,quebec,,,Linux-5.15.0-152-generic-x86_64-with-glibc2.35,3.14.2,3.1.0,4,AMD EPYC 9554 64-Core Processor,1,1 x NVIDIA RTX A5000,,,4,machine,N
Step #95,2026-04-07T14:00:21,energy-efficiency,cf0a5ca3-f32a-4496-9534-71e200868376,0.4249589890241623,2.5023905779233946e-07,5.892323525494866e-07,360.0,168.38362055628596,10.0,4.2496755346656256e-05,1.9878071469747738e-05,1.1802897788584191e-06,6.355511659526282e-05,0.0,Canada,CAN,quebec,,,Linux-5.15.0-152-generic-x86_64-with-glibc2.35,3.14.2,3.1.0,4,AMD EPYC 9554 64-Core Processor,1,1 x NVIDIA RTX A5000,,,4,machine,N
Step #96,2026-04-07T14:00:21,energy-efficiency,cf0a5ca3-f32a-4496-9534-71e200868376,0.4258238412439823,2.477669690896715e-07,5.822251214804343e-07,360.0,161.96482496367247,10.0,4.25847630947827e-05,1.91597375476249e-05,1.1827607846094537e-06,6.2927261427018e-05,0.0,Canada,CAN,quebec,,,Linux-5.15.0-152-generic-x86_64-with-glibc2.35,3.14.2,3.1.0,4,AMD EPYC 9554 64-Core Processor,1,1 x NVIDIA RTX A5000,,,4,machine,N
Step #97,2026-04-07T14:00:22,energy-efficiency,cf0a5ca3-f32a-4496-9534-71e200868376,0.42519038543105125,2.4944957733811634e-07,5.870810988471713e-07,360.0,168.5116219394861,10.0,4.235272929072314e-05,1.9825571399678665e-05,1.176305549840126e-06,6.335460624024361e-05,0.0,Canada,CAN,quebec,,,Linux-5.15.0-152-generic-x86_64-with-glibc2.35,3.14.2,3.1.0,4,AMD EPYC 9554 64-Core Processor,1,1 x NVIDIA RTX A5000,,,4,machine,N
Step #98,2026-04-07T14:00:22,energy-efficiency,cf0a5ca3-f32a-4496-9534-71e200868376,0.4296301156282425,2.5030845930817795e-07,5.832403736413811e-07,360.0,165.6131405317592,10.0,4.272865466773551e-05,1.9657237970704955e-05,1.1868503876030529e-06,6.357274302604306e-05,0.0,Canada,CAN,quebec,,,Linux-5.15.0-152-generic-x86_64-with-glibc2.35,3.14.2,3.1.0,4,AMD EPYC 9554 64-Core Processor,1,1 x NVIDIA RTX A5000,,,4,machine,N
Step #99,2026-04-07T14:00:23,energy-efficiency,cf0a5ca3-f32a-4496-9534-71e200868376,0.42950813099741936,2.644923972327113e-07,6.162167627273134e-07,360.0,196.64991894970302,10.0,4.267676360905116e-05,2.331307419467521e-05,1.1853078069786187e-06,6.717514561070496e-05,0.0,Canada,CAN,quebec,,,Linux-5.15.0-152-generic-x86_64-with-glibc2.35,3.14.2,3.1.0,4,AMD EPYC 9554 64-Core Processor,1,1 x NVIDIA RTX A5000,,,4,machine,N
Step #100,2026-04-07T14:00:23,energy-efficiency,cf0a5ca3-f32a-4496-9534-71e200868376,0.42818063125014305,2.4490484214908327e-07,5.725120592848241e-07,360.0,157.3504621113324,10.0,4.2461067065596714e-05,1.85600148370213e-05,1.1792633785969776e-06,6.220034528121518e-05,0.0,Canada,CAN,quebec,,,Linux-5.15.0-152-generic-x86_64-with-glibc2.35,3.14.2,3.1.0,4,AMD EPYC 9554 64-Core Processor,1,1 x NVIDIA RTX A5000,,,4,machine,N
Step #101,2026-04-07T14:00:24,energy-efficiency,cf0a5ca3-f32a-4496-9534-71e200868376,0.42547257617115974,2.4601983731990795e-07,5.78536865785799e-07,360.0,159.38437274792514,10.0,4.249059222638692e-05,1.8812792831113256e-05,1.1801440268755078e-06,6.24835290843756e-05,0.0,Canada,CAN,quebec,,,Linux-5.15.0-152-generic-x86_64-with-glibc2.35,3.14.2,3.1.0,4,AMD EPYC 9554 64-Core Processor,1,1 x NVIDIA RTX A5000,,,4,machine,N
Step #102,2026-04-07T14:00:24,energy-efficiency,cf0a5ca3-f32a-4496-9534-71e200868376,0.42640944570302963,2.5909105644041514e-07,6.079542993097013e-07,360.0,186.1579997934432,10.0,4.259390272200181e-05,2.202640652626542e-05,1.1830167637931043e-06,6.580332601206079e-05,0.0,Canada,CAN,quebec,,,Linux-5.15.0-152-generic-x86_64-with-glibc2.35,3.14.2,3.1.0,4,AMD EPYC 9554 64-Core Processor,1,1 x NVIDIA RTX A5000,,,4,machine,N
Step #103,2026-04-07T14:00:25,energy-efficiency,cf0a5ca3-f32a-4496-9534-71e200868376,0.42578042671084404,2.421968486131633e-07,5.697610097521438e-07,360.0,151.2873700430459,10.0,4.2479931935667306e-05,1.7852792041139764e-05,1.1798515915870664e-06,6.15125755683947e-05,0.0,Canada,CAN,quebec,,,Linux-5.15.0-152-generic-x86_64-with-glibc2.35,3.14.2,3.1.0,4,AMD EPYC 9554 64-Core Processor,1,1 x NVIDIA RTX A5000,,,4,machine,N
Step #104,2026-04-07T14:00:25,energy-efficiency,cf0a5ca3-f32a-4496-9534-71e200868376,0.4254078380763531,2.424547572642098e-07,5.6961599097852e-07,360.0,150.44422781525157,10.0,4.259421229362535e-05,1.7800847587068347e-05,1.1830187092224634e-06,6.157807858991546e-05,0.0,Canada,CAN,quebec,,,Linux-5.15.0-152-generic-x86_64-with-glibc2.35,3.14.2,3.1.0,4,AMD EPYC 9554 64-Core Processor,1,1 x NVIDIA RTX A5000,,,4,machine,N
Step #105,2026-04-07T14:00:25,energy-efficiency,cf0a5ca3-f32a-4496-9534-71e200868376,0.4255635663866997,2.546832424865826e-07,5.992839986550463e-07,360.0,178.8183103174128,10.0,4.242927581071809e-05,2.1076127950436785e-05,1.1784362192783179e-06,6.468383998043357e-05,0.0,Canada,CAN,quebec,,,Linux-5.15.0-152-generic-x86_64-with-glibc2.35,3.14.2,3.1.0,4,AMD EPYC 9554 64-Core Processor,1,1 x NVIDIA RTX A5000,,,4,machine,N
Step #106,2026-04-07T14:00:26,energy-efficiency,cf0a5ca3-f32a-4496-9534-71e200868376,0.431154303252697,2.5650502572284597e-07,5.951489959059591e-07,360.0,176.495964794057,10.0,4.291433356702276e-05,2.1040294626573086e-05,1.1919039301574194e-06,6.514653212375335e-05,0.0,Canada,CAN,quebec,,,Linux-5.15.0-152-generic-x86_64-with-glibc2.35,3.14.2,3.1.0,4,AMD EPYC 9554 64-Core Processor,1,1 x NVIDIA RTX A5000,,,4,machine,N
Step #107,2026-04-07T14:00:26,energy-efficiency,cf0a5ca3-f32a-4496-9534-71e200868376,0.4285120666027069,2.7124235705729274e-07,6.33399164965673e-07,360.0,214.11350524242474,10.0,4.245721846818894e-05,2.5253075762066146e-05,1.1791900110741458e-06,6.888948424132839e-05,0.0,Canada,CAN,quebec,,,Linux-5.15.0-152-generic-x86_64-with-glibc2.35,3.14.2,3.1.0,4,AMD EPYC 9554 64-Core Processor,1,1 x NVIDIA RTX A5000,,,4,machine,N
Step #108,2026-04-07T14:00:27,energy-efficiency,cf0a5ca3-f32a-4496-9534-71e200868376,0.42592649161815643,2.4659150575268056e-07,5.791978513004726e-07,360.0,161.83613406931764,10.0,4.2392953485251295e-05,1.9058348584621854e-05,1.1774179939594515e-06,6.262872006383181e-05,0.0,Canada,CAN,quebec,,,Linux-5.15.0-152-generic-x86_64-with-glibc2.35,3.14.2,3.1.0,4,AMD EPYC 9554 64-Core Processor,1,1 x NVIDIA RTX A5000,,,4,machine,N
Step #109,2026-04-07T14:00:27,energy-efficiency,cf0a5ca3-f32a-4496-9534-71e200868376,0.429391723126173,2.470222535899208e-07,5.755774793312584e-07,360.0,157.59975832519365,10.0,4.280807562172424e-05,1.874112609812073e-05,1.188918648080704e-06,6.273812036792538e-05,0.0,Canada,CAN,quebec,,,Linux-5.15.0-152-generic-x86_64-with-glibc2.35,3.14.2,3.1.0,4,AMD EPYC 9554 64-Core Processor,1,1 x NVIDIA RTX A5000,,,4,machine,N
Step #110,2026-04-07T14:00:28,energy-efficiency,cf0a5ca3-f32a-4496-9534-71e200868376,0.4311157837510109,2.7438211673716197e-07,6.370927475251901e-07,360.0,213.4510329067068,10.0,4.299744553864018e-05,2.5495298160649327e-05,1.1941691860556706e-06,6.96869128853448e-05,0.0,Canada,CAN,quebec,,,Linux-5.15.0-152-generic-x86_64-with-glibc2.35,3.14.2,3.1.0,4,AMD EPYC 9554 64-Core Processor,1,1 x NVIDIA RTX A5000,,,4,machine,N
Step #111,2026-04-07T14:00:28,energy-efficiency,cf0a5ca3-f32a-4496-9534-71e200868376,0.42867809161543846,2.5188515923190336e-07,5.87904825960923e-07,360.0,168.14500018325705,10.0,4.279539585113484e-05,1.9989182675317352e-05,1.1886109701461146e-06,6.397318949659912e-05,0.0,Canada,CAN,quebec,,,Linux-5.15.0-152-generic-x86_64-with-glibc2.35,3.14.2,3.1.0,4,AMD EPYC 9554 64-Core Processor,1,1 x NVIDIA RTX A5000,,,4,machine,N
Step #112,2026-04-07T14:00:28,energy-efficiency,cf0a5ca3-f32a-4496-9534-71e200868376,0.43026747182011604,2.7337636300722913e-07,6.35880318304378e-07,360.0,212.25435234752254,10.0,4.292805455625125e-05,2.531113136683416e-05,1.1922880386312882e-06,6.94314739617171e-05,0.0,Canada,CAN,quebec,,,Linux-5.15.0-152-generic-x86_64-with-glibc2.35,3.14.2,3.1.0,4,AMD EPYC 9554 64-Core Processor,1,1 x NVIDIA RTX A5000,,,4,machine,N
Step #113,2026-04-07T14:00:29,energy-efficiency,cf0a5ca3-f32a-4496-9534-71e200868376,0.42943210154771805,2.5029758146343076e-07,5.83141944805354e-07,360.0,163.77763552514583,10.0,4.2873635143041156e-05,1.950557114582807e-05,1.1907740082177961e-06,6.356998029708773e-05,0.0,Canada,CAN,quebec,,,Linux-5.15.0-152-generic-x86_64-with-glibc2.35,3.14.2,3.1.0,4,AMD EPYC 9554 64-Core Processor,1,1 x NVIDIA RTX A5000,,,4,machine,N
Step #114,2026-04-07T14:00:29,energy-efficiency,cf0a5ca3-f32a-4496-9534-71e200868376,0.4294326975941658,2.496700418518606e-07,5.817595169222906e-07,360.0,162.31365268721888,10.0,4.2883699014782325e-05,1.9335848804757916e-05,1.191051469908816e-06,6.341059928944952e-05,0.0,Canada,CAN,quebec,,,Linux-5.15.0-152-generic-x86_64-with-glibc2.35,3.14.2,3.1.0,4,AMD EPYC 9554 64-Core Processor,1,1 x NVIDIA RTX A5000,,,4,machine,N
Step #115,2026-04-07T14:00:30,energy-efficiency,cf0a5ca3-f32a-4496-9534-71e200868376,0.43075837939977646,2.710668333309274e-07,6.29805394217768e-07,360.0,206.64800552570503,10.0,4.2979217693209226e-05,2.4671964183653472e-05,1.1937232688069338e-06,6.884490514567042e-05,0.0,Canada,CAN,quebec,,,Linux-5.15.0-152-generic-x86_64-with-glibc2.35,3.14.2,3.1.0,4,AMD EPYC 9554 64-Core Processor,1,1 x NVIDIA RTX A5000,,,4,machine,N
Step #116,2026-04-07T14:00:30,energy-efficiency,cf0a5ca3-f32a-4496-9534-71e200868376,0.42981426417827606,2.493647961590841e-07,5.80577897099366e-07,360.0,161.54599653284987,10.0,4.289312846958611e-05,1.9248626500711907e-05,1.1913187491397088e-06,6.333307371943729e-05,0.0,Canada,CAN,quebec,,,Linux-5.15.0-152-generic-x86_64-with-glibc2.35,3.14.2,3.1.0,4,AMD EPYC 9554 64-Core Processor,1,1 x NVIDIA RTX A5000,,,4,machine,N
Step #117,2026-04-07T14:00:31,energy-efficiency,cf0a5ca3-f32a-4496-9534-71e200868376,0.4294544495642185,2.710809827294043e-07,6.31703811241646e-07,360.0,209.70134237094072,10.0,4.2754915356636725e-05,2.4906131045554503e-05,1.187452373819218e-06,6.88484987760099e-05,0.0,Canada,CAN,quebec,,,Linux-5.15.0-152-generic-x86_64-with-glibc2.35,3.14.2,3.1.0,4,AMD EPYC 9554 64-Core Processor,1,1 x NVIDIA RTX A5000,,,4,machine,N
Step #118,2026-04-07T14:00:31,energy-efficiency,cf0a5ca3-f32a-4496-9534-71e200868376,0.4282033108174801,2.4789026404565596e-07,5.792986797869775e-07,360.0,161.58600418779432,10.0,4.263631701469442e-05,1.913807085429653e-05,1.184187715666166e-06,6.295857558465644e-05,0.0,Canada,CAN,quebec,,,Linux-5.15.0-152-generic-x86_64-with-glibc2.35,3.14.2,3.1.0,4,AMD EPYC 9554 64-Core Processor,1,1 x NVIDIA RTX A5000,,,4,machine,N
Step #119,2026-04-07T14:00:32,energy-efficiency,cf0a5ca3-f32a-4496-9534-71e200868376,0.4303339496254921,2.4809895553357477e-07,5.775567847259566e-07,360.0,162.17225045269169,10.0,4.2625182121992095e-05,1.9202515375127405e-05,1.183881051838398e-06,6.301157854895871e-05,0.0,Canada,CAN,quebec,,,Linux-5.15.0-152-generic-x86_64-with-glibc2.35,3.14.2,3.1.0,4,AMD EPYC 9554 64-Core Processor,1,1 x NVIDIA RTX A5000,,,4,machine,N
Step #120,2026-04-07T14:00:32,energy-efficiency,cf0a5ca3-f32a-4496-9534-71e200868376,0.42971038445830345,2.6705040863713315e-07,6.218451703657246e-07,360.0,201.64543393045744,10.0,4.271293096244286e-05,2.3925574680561112e-05,1.1863175779581244e-06,6.782482322096293e-05,0.0,Canada,CAN,quebec,,,Linux-5.15.0-152-generic-x86_64-with-glibc2.35,3.14.2,3.1.0,4,AMD EPYC 9554 64-Core Processor,1,1 x NVIDIA RTX A5000,,,4,machine,N
Step #121,2026-04-07T14:00:32,energy-efficiency,cf0a5ca3-f32a-4496-9534-71e200868376,0.4297271892428398,2.448618986992956e-07,5.702410215847529e-07,360.0,153.84330638580963,10.0,4.2737983167171964e-05,1.8264459072270256e-05,1.1869963672425893e-06,6.218943860668465e-05,0.0,Canada,CAN,quebec,,,Linux-5.15.0-152-generic-x86_64-with-glibc2.35,3.14.2,3.1.0,4,AMD EPYC 9554 64-Core Processor,1,1 x NVIDIA RTX A5000,,,4,machine,N
Step #122,2026-04-07T14:00:33,energy-efficiency,cf0a5ca3-f32a-4496-9534-71e200868376,0.43075015768408775,2.6834655935458965e-07,6.238693097468415e-07,360.0,201.05144454415282,10.0,4.2964851111174096e-05,2.3995852529878903e-05,1.1933128349482947e-06,6.815401647600194e-05,0.0,Canada,CAN,quebec,,,Linux-5.15.0-152-generic-x86_64-with-glibc2.35,3.14.2,3.1.0,4,AMD EPYC 9554 64-Core Processor,1,1 x NVIDIA RTX A5000,,,4,machine,N
Step #123,2026-04-07T14:00:33,energy-efficiency,cf0a5ca3-f32a-4496-9534-71e200868376,0.4301805607974529,2.442514106235273e-07,5.686003426928164e-07,360.0,150.46402294778096,10.0,4.290823638439245e-05,1.793445878206512e-05,1.191693140814706e-06,6.20343883072725e-05,0.0,Canada,CAN,quebec,,,Linux-5.15.0-152-generic-x86_64-with-glibc2.35,3.14.2,3.1.0,4,AMD EPYC 9554 64-Core Processor,1,1 x NVIDIA RTX A5000,,,4,machine,N
Step #124,2026-04-07T14:00:34,energy-efficiency,cf0a5ca3-f32a-4496-9534-71e200868376,0.43047234788537025,2.458343613641944e-07,5.71286654932102e-07,360.0,152.82876018511854,10.0,4.299098141491431e-05,1.825140347477827e-05,1.1940374556514708e-06,6.243642234534351e-05,0.0,Canada,CAN,quebec,,,Linux-5.15.0-152-generic-x86_64-with-glibc2.35,3.14.2,3.1.0,4,AMD EPYC 9554 64-Core Processor,1,1 x NVIDIA RTX A5000,,,4,machine,N
Step #125,2026-04-07T14:00:34,energy-efficiency,cf0a5ca3-f32a-4496-9534-71e200868376,0.42905594408512115,2.6350135445595756e-07,6.151682901030482e-07,360.0,193.30712266009726,10.0,4.276914857328021e-05,2.296640727195154e-05,1.1878870945009794e-06,6.692344293973349e-05,0.0,Canada,CAN,quebec,,,Linux-5.15.0-152-generic-x86_64-with-glibc2.35,3.14.2,3.1.0,4,AMD EPYC 9554 64-Core Processor,1,1 x NVIDIA RTX A5000,,,4,machine,N
Step #126,2026-04-07T14:00:35,energy-efficiency,cf0a5ca3-f32a-4496-9534-71e200868376,0.42872174456715584,2.5610336495472376e-07,5.979594828797216e-07,360.0,178.76196096425784,10.0,4.267019890248809e-05,2.118918362725708e-05,1.1851367540657637e-06,6.504451928381061e-05,0.0,Canada,CAN,quebec,,,Linux-5.15.0-152-generic-x86_64-with-glibc2.35,3.14.2,3.1.0,4,AMD EPYC 9554 64-Core Processor,1,1 x NVIDIA RTX A5000,,,4,machine,N
Step #127,2026-04-07T14:00:35,energy-efficiency,cf0a5ca3-f32a-4496-9534-71e200868376,0.4324704520404339,2.7969090422599695e-07,6.471884212463383e-07,360.0,222.40788316639006,10.0,4.316684007644664e-05,2.6669465768236478e-05,1.1989201729496073e-06,7.103522601763224e-05,0.0,Canada,CAN,quebec,,,Linux-5.15.0-152-generic-x86_64-with-glibc2.35,3.14.2,3.1.0,4,AMD EPYC 9554 64-Core Processor,1,1 x NVIDIA RTX A5000,,,4,machine,N
Step #128,2026-04-07T14:00:36,energy-efficiency,cf0a5ca3-f32a-4496-9534-71e200868376,0.4284250773489475,2.561918780348289e-07,5.984590678586023e-07,360.0,174.15709573223322,10.0,4.3045890331269016e-05,2.082557222138348e-05,1.1955370712611667e-06,6.506699962391393e-05,0.0,Canada,CAN,quebec,,,Linux-5.15.0-152-generic-x86_64-with-glibc2.35,3.14.2,3.1.0,4,AMD EPYC 9554 64-Core Processor,1,1 x NVIDIA RTX A5000,,,4,machine,N
Step #129,2026-04-07T14:00:36,energy-efficiency,cf0a5ca3-f32a-4496-9534-71e200868376,0.42675885558128357,2.5180572942167396e-07,5.903800065566319e-07,360.0,169.32277210236572,10.0,4.268847219645981e-05,2.007890495292486e-05,1.1856389542420648e-06,6.395301610362739e-05,0.0,Canada,CAN,quebec,,,Linux-5.15.0-152-generic-x86_64-with-glibc2.35,3.14.2,3.1.0,4,AMD EPYC 9554 64-Core Processor,1,1 x NVIDIA RTX A5000,,,4,machine,N
Step #130,2026-04-07T14:00:36,energy-efficiency,cf0a5ca3-f32a-4496-9534-71e200868376,0.4311083182692528,2.5382468999717896e-07,5.891130040709416e-07,360.0,172.9228004889001,10.0,4.2745253443717685e-05,2.0533349754714436e-05,1.187183676908414e-06,6.446578687534059e-05,0.0,Canada,CAN,quebec,,,Linux-5.15.0-152-generic-x86_64-with-glibc2.35,3.14.2,3.1.0,4,AMD EPYC 9554 64-Core Processor,1,1 x NVIDIA RTX A5000,,,4,machine,N
Step #131,2026-04-07T14:00:37,energy-efficiency,cf0a5ca3-f32a-4496-9534-71e200868376,0.4298188239336014,2.554340680485575e-07,5.946227173640551e-07,360.0,174.41693564989467,10.0,4.289834350347521e-05,2.0784738865131658e-05,1.1914504898919136e-06,6.487453285849813e-05,0.0,Canada,CAN,quebec,,,Linux-5.15.0-152-generic-x86_64-with-glibc2.35,3.14.2,3.1.0,4,AMD EPYC 9554 64-Core Processor,1,1 x NVIDIA RTX A5000,,,4,machine,N
Step #132,2026-04-07T14:00:38,energy-efficiency,cf0a5ca3-f32a-4496-9534-71e200868376,0.8354188986122608,4.5044601021533673e-07,5.392199569114977e-07,360.0,124.9302158204338,10.0,8.32137636840348e-05,2.8878078666139118e-05,2.3113565415972025e-06,0.00011440319889177188,0.0,Canada,CAN,quebec,,,Linux-5.15.0-152-generic-x86_64-with-glibc2.35,3.14.2,3.1.0,4,AMD EPYC 9554 64-Core Processor,1,1 x NVIDIA RTX A5000,,,4,machine,N
Step #133,2026-04-07T14:00:38,energy-efficiency,cf0a5ca3-f32a-4496-9534-71e200868376,0.6996490955352783,3.9179383970365186e-07,5.602310251628784e-07,360.0,142.39168760202625,10.0,6.991192512214098e-05,2.7653077665945602e-05,1.9418583044575506e-06,9.95068610925437e-05,0.0,Canada,CAN,quebec,,,Linux-5.15.0-152-generic-x86_64-with-glibc2.35,3.14.2,3.1.0,4,AMD EPYC 9554 64-Core Processor,1,1 x NVIDIA RTX A5000,,,4,machine,N
Step #134,2026-04-07T14:00:39,energy-efficiency,cf0a5ca3-f32a-4496-9534-71e200868376,0.7801670879125595,4.354399258490912e-07,5.583656035573579e-07,360.0,140.9769064844671,10.0,7.791530638933189e-05,3.051252443242447e-05,2.1641587010688083e-06,0.00011059198952282495,0.0,Canada,CAN,quebec,,,Linux-5.15.0-152-generic-x86_64-with-glibc2.35,3.14.2,3.1.0,4,AMD EPYC 9554 64-Core Processor,1,1 x NVIDIA RTX A5000,,,4,machine,N
Step #135,2026-04-07T14:00:40,energy-efficiency,cf0a5ca3-f32a-4496-9534-71e200868376,0.713091503828764,3.9277821805323713e-07,5.510139001512271e-07,360.0,134.35149874111644,10.0,7.120491489768024e-05,2.657418792750832e-05,1.9777683230737947e-06,9.975687114826236e-05,0.0,Canada,CAN,quebec,,,Linux-5.15.0-152-generic-x86_64-with-glibc2.35,3.14.2,3.1.0,4,AMD EPYC 9554 64-Core Processor,1,1 x NVIDIA RTX A5000,,,4,machine,N
Step #136,2026-04-07T14:00:40,energy-efficiency,cf0a5ca3-f32a-4496-9534-71e200868376,0.5033760219812393,3.1376531263540327e-07,6.236815315226818e-07,360.0,200.46099593536684,10.0,5.0288967415689986e-05,2.8003633502748926e-05,1.3967617414891928e-06,7.968936265992724e-05,0.0,Canada,CAN,quebec,,,Linux-5.15.0-152-generic-x86_64-with-glibc2.35,3.14.2,3.1.0,4,AMD EPYC 9554 64-Core Processor,1,1 x NVIDIA RTX A5000,,,4,machine,N
Step #137,2026-04-07T14:00:41,energy-efficiency,cf0a5ca3-f32a-4496-9534-71e200868376,0.42800235375761986,2.475790442188163e-07,5.790792694578906e-07,360.0,159.77889695127433,10.0,4.2728052288294044e-05,1.8964737392934694e-05,1.1867430371542914e-06,6.287953271838335e-05,0.0,Canada,CAN,quebec,,,Linux-5.15.0-152-generic-x86_64-with-glibc2.35,3.14.2,3.1.0,4,AMD EPYC 9554 64-Core Processor,1,1 x NVIDIA RTX A5000,,,4,machine,N
Step #138,2026-04-07T14:00:41,energy-efficiency,cf0a5ca3-f32a-4496-9534-71e200868376,0.42637738585472107,2.46721691830751e-07,5.790048871700615e-07,360.0,159.66961133144005,10.0,4.2588903382420606e-05,1.8890015098804724e-05,1.1828659309281076e-06,6.26617844121536e-05,0.0,Canada,CAN,quebec,,,Linux-5.15.0-152-generic-x86_64-with-glibc2.35,3.14.2,3.1.0,4,AMD EPYC 9554 64-Core Processor,1,1 x NVIDIA RTX A5000,,,4,machine,N
Step #139,2026-04-07T14:00:42,energy-efficiency,cf0a5ca3-f32a-4496-9534-71e200868376,0.4262736923992634,2.721940662863564e-07,6.387784451418088e-07,360.0,213.9643884239933,10.0,4.261724725365679e-05,2.5330298058179324e-05,1.1836517602205332e-06,6.913119707205664e-05,0.0,Canada,CAN,quebec,,,Linux-5.15.0-152-generic-x86_64-with-glibc2.35,3.14.2,3.1.0,4,AMD EPYC 9554 64-Core Processor,1,1 x NVIDIA RTX A5000,,,4,machine,N
Step #140,2026-04-07T14:00:42,energy-efficiency,cf0a5ca3-f32a-4496-9534-71e200868376,0.42755481600761414,2.45312460048634e-07,5.741873859549056e-07,360.0,153.11373340821518,10.0,4.2876328527927804e-05,1.8236681256666998e-05,1.1908613145351367e-06,6.230387109912999e-05,0.0,Canada,CAN,quebec,,,Linux-5.15.0-152-generic-x86_64-with-glibc2.35,3.14.2,3.1.0,4,AMD EPYC 9554 64-Core Processor,1,1 x NVIDIA RTX A5000,,,4,machine,N
Step #141,2026-04-07T14:00:43,energy-efficiency,cf0a5ca3-f32a-4496-9534-71e200868376,0.42800816148519516,2.4581250538936684e-07,5.746545345162293e-07,360.0,153.0223409992802,10.0,4.2971250787378e-05,1.8266125721311255e-05,1.1934949085116607e-06,6.243087141720102e-05,0.0,Canada,CAN,quebec,,,Linux-5.15.0-152-generic-x86_64-with-glibc2.35,3.14.2,3.1.0,4,AMD EPYC 9554 64-Core Processor,1,1 x NVIDIA RTX A5000,,,4,machine,N
Step #142,2026-04-07T14:00:43,energy-efficiency,cf0a5ca3-f32a-4496-9534-71e200868376,0.4273542948067188,2.4861655742039544e-07,5.81955320029555e-07,360.0,160.0388369307195,10.0,4.288606531918128e-05,1.9065848590571477e-05,1.1911239268051202e-06,6.314303783655842e-05,0.0,Canada,CAN,quebec,,,Linux-5.15.0-152-generic-x86_64-with-glibc2.35,3.14.2,3.1.0,4,AMD EPYC 9554 64-Core Processor,1,1 x NVIDIA RTX A5000,,,4,machine,N
Step #143,2026-04-07T14:00:44,energy-efficiency,cf0a5ca3-f32a-4496-9534-71e200868376,0.4274950250983238,2.4340677856955246e-07,5.696221168529124e-07,360.0,149.84271660234637,10.0,4.2810823395848796e-05,1.78200142499918e-05,1.189033035188915e-06,6.181987068103016e-05,0.0,Canada,CAN,quebec,,,Linux-5.15.0-152-generic-x86_64-with-glibc2.35,3.14.2,3.1.0,4,AMD EPYC 9554 64-Core Processor,1,1 x NVIDIA RTX A5000,,,4,machine,N
Step #144,2026-04-07T14:00:44,energy-efficiency,cf0a5ca3-f32a-4496-9534-71e200868376,0.42864348739385605,2.6135089374655727e-07,6.101595681643047e-07,360.0,186.9719814204101,10.0,4.290260970592555e-05,2.228307337759361e-05,1.191590995424307e-06,6.637727407894298e-05,0.0,Canada,CAN,quebec,,,Linux-5.15.0-152-generic-x86_64-with-glibc2.35,3.14.2,3.1.0,4,AMD EPYC 9554 64-Core Processor,1,1 x NVIDIA RTX A5000,,,4,machine,N
Step #145,2026-04-07T14:00:44,energy-efficiency,cf0a5ca3-f32a-4496-9534-71e200868376,0.4279725104570389,2.421254130921787e-07,5.661045035808087e-07,360.0,146.1643960834904,10.0,4.288904033601312e-05,1.7414180604191642e-05,1.1912116056515083e-06,6.149443254585552e-05,0.0,Canada,CAN,quebec,,,Linux-5.15.0-152-generic-x86_64-with-glibc2.35,3.14.2,3.1.0,4,AMD EPYC 9554 64-Core Processor,1,1 x NVIDIA RTX A5000,,,4,machine,N
Step #146,2026-04-07T14:00:45,energy-efficiency,cf0a5ca3-f32a-4496-9534-71e200868376,0.4265124127268791,2.4627369282585325e-07,5.778608380093567e-07,360.0,156.43246451588942,10.0,4.277279675006865e-05,1.858723709347032e-05,1.1879688542750064e-06,6.254800269781327e-05,0.0,Canada,CAN,quebec,,,Linux-5.15.0-152-generic-x86_64-with-glibc2.35,3.14.2,3.1.0,4,AMD EPYC 9554 64-Core Processor,1,1 x NVIDIA RTX A5000,,,4,machine,N
Step #147,2026-04-07T14:00:45,energy-efficiency,cf0a5ca3-f32a-4496-9534-71e200868376,0.42728985100984573,2.4848657036691225e-07,5.81848829858462e-07,360.0,157.7537728672689,10.0,4.304911345243481e-05,1.886529290118233e-05,1.1956176824039818e-06,6.311002403602134e-05,0.0,Canada,CAN,quebec,,,Linux-5.15.0-152-generic-x86_64-with-glibc2.35,3.14.2,3.1.0,4,AMD EPYC 9554 64-Core Processor,1,1 x NVIDIA RTX A5000,,,4,machine,N
Step #148,2026-04-07T14:00:46,energy-efficiency,cf0a5ca3-f32a-4496-9534-71e200868376,0.42731693014502525,2.5258505735299783e-07,5.914065549938501e-07,360.0,170.42159610948875,10.0,4.273348115384559e-05,2.0230571720958324e-05,1.1868950703905522e-06,6.415094794519523e-05,0.0,Canada,CAN,quebec,,,Linux-5.15.0-152-generic-x86_64-with-glibc2.35,3.14.2,3.1.0,4,AMD EPYC 9554 64-Core Processor,1,1 x NVIDIA RTX A5000,,,4,machine,N
Step #149,2026-04-07T14:00:46,energy-efficiency,cf0a5ca3-f32a-4496-9534-71e200868376,0.4284533001482487,2.797663105727453e-07,6.533254145157662e-07,360.0,224.68989290403013,10.0,4.301275610923798e-05,2.684696590904423e-05,1.194655522704141e-06,7.105437754098554e-05,0.0,Canada,CAN,quebec,,,Linux-5.15.0-152-generic-x86_64-with-glibc2.35,3.14.2,3.1.0,4,AMD EPYC 9554 64-Core Processor,1,1 x NVIDIA RTX A5000,,,4,machine,N
Step #150,2026-04-07T14:00:47,energy-efficiency,cf0a5ca3-f32a-4496-9534-71e200868376,0.42800578847527504,2.5916329527024876e-07,6.060964561116579e-07,360.0,183.92942891058445,10.0,4.277716167271073e-05,2.185640639140729e-05,1.1881049929393672e-06,6.58216730570569e-05,0.0,Canada,CAN,quebec,,,Linux-5.15.0-152-generic-x86_64-with-glibc2.35,3.14.2,3.1.0,4,AMD EPYC 9554 64-Core Processor,1,1 x NVIDIA RTX A5000,,,4,machine,N
Step #151,2026-04-07T14:00:47,energy-efficiency,cf0a5ca3-f32a-4496-9534-71e200868376,0.42801953852176666,2.5660655902684076e-07,5.998581766358693e-07,360.0,178.23718788549252,10.0,4.279486425221024e-05,2.1188905833469107e-05,1.1885492234594121e-06,6.517231930913865e-05,0.0,Canada,CAN,quebec,,,Linux-5.15.0-152-generic-x86_64-with-glibc2.35,3.14.2,3.1.0,4,AMD EPYC 9554 64-Core Processor,1,1 x NVIDIA RTX A5000,,,4,machine,N
Step #152,2026-04-07T14:00:48,energy-efficiency,cf0a5ca3-f32a-4496-9534-71e200868376,0.42766011506319046,2.600482417230426e-07,6.077372775734303e-07,360.0,183.7916965449266,10.0,4.2933952063322484e-05,2.1920017530874247e-05,1.192460043562772e-06,6.604642963775956e-05,0.0,Canada,CAN,quebec,,,Linux-5.15.0-152-generic-x86_64-with-glibc2.35,3.14.2,3.1.0,4,AMD EPYC 9554 64-Core Processor,1,1 x NVIDIA RTX A5000,,,4,machine,N
Step #153,2026-04-07T14:00:48,energy-efficiency,cf0a5ca3-f32a-4496-9534-71e200868376,0.4264891929924488,2.541321533126948e-07,5.962940866971589e-07,360.0,174.67480495935266,10.0,4.2659573629498515e-05,2.069946100391462e-05,1.1848410384522547e-06,6.454387567186512e-05,0.0,Canada,CAN,quebec,,,Linux-5.15.0-152-generic-x86_64-with-glibc2.35,3.14.2,3.1.0,4,AMD EPYC 9554 64-Core Processor,1,1 x NVIDIA RTX A5000,,,4,machine,N
Step #154,2026-04-07T14:00:48,energy-efficiency,cf0a5ca3-f32a-4496-9534-71e200868376,0.42757052928209305,2.777468194834428e-07,6.499299645325223e-07,360.0,220.1022062679943,10.0,4.303427413105895e-05,2.6311965484637767e-05,1.1952324149509504e-06,7.054147203064756e-05,0.0,Canada,CAN,quebec,,,Linux-5.15.0-152-generic-x86_64-with-glibc2.35,3.14.2,3.1.0,4,AMD EPYC 9554 64-Core Processor,1,1 x NVIDIA RTX A5000,,,4,machine,N
Step #155,2026-04-07T14:00:49,energy-efficiency,cf0a5ca3-f32a-4496-9534-71e200868376,0.427815567702055,2.56518214427945e-07,5.999731989812235e-07,360.0,176.67241938965026,10.0,4.290273338556326e-05,2.1055572403838596e-05,1.191575970086779e-06,6.51498817594888e-05,0.0,Canada,CAN,quebec,,,Linux-5.15.0-152-generic-x86_64-with-glibc2.35,3.14.2,3.1.0,4,AMD EPYC 9554 64-Core Processor,1,1 x NVIDIA RTX A5000,,,4,machine,N
Step #156,2026-04-07T14:00:49,energy-efficiency,cf0a5ca3-f32a-4496-9534-71e200868376,0.4277516007423401,2.5272363965984885e-07,5.912117887278704e-07,360.0,169.1380599342165,10.0,4.285879991948634e-05,2.0136960557692873e-05,1.190384270416357e-06,6.418614474759492e-05,0.0,Canada,CAN,quebec,,,Linux-5.15.0-152-generic-x86_64-with-glibc2.35,3.14.2,3.1.0,4,AMD EPYC 9554 64-Core Processor,1,1 x NVIDIA RTX A5000,,,4,machine,N
Step #157,2026-04-07T14:00:50,energy-efficiency,cf0a5ca3-f32a-4496-9534-71e200868376,0.42666881158947945,2.582789822900587e-07,6.057052890010384e-07,360.0,180.25199405630926,10.0,4.2916210740805497e-05,2.148890609987575e-05,1.191960523525893e-06,6.559707736420763e-05,0.0,Canada,CAN,quebec,,,Linux-5.15.0-152-generic-x86_64-with-glibc2.35,3.14.2,3.1.0,4,AMD EPYC 9554 64-Core Processor,1,1 x NVIDIA RTX A5000,,,4,machine,N
Step #158,2026-04-07T14:00:50,energy-efficiency,cf0a5ca3-f32a-4496-9534-71e200868376,0.42732449248433113,2.5166855642335843e-07,5.892087227578839e-07,360.0,167.14309730070926,10.0,4.2838358879089544e-05,1.989001589208783e-05,1.1898024628559487e-06,6.391817723403262e-05,0.0,Canada,CAN,quebec,,,Linux-5.15.0-152-generic-x86_64-with-glibc2.35,3.14.2,3.1.0,4,AMD EPYC 9554 64-Core Processor,1,1 x NVIDIA RTX A5000,,,4,machine,N
Step #159,2026-04-07T14:00:51,energy-efficiency,cf0a5ca3-f32a-4496-9534-71e200868376,0.4292345903813839,2.742593598949205e-07,6.393815604986402e-07,360.0,213.45426224452146,10.0,4.2978143692017426e-05,2.548390926904176e-05,1.1936824354860784e-06,6.96557353965458e-05,0.0,Canada,CAN,quebec,,,Linux-5.15.0-152-generic-x86_64-with-glibc2.35,3.14.2,3.1.0,4,AMD EPYC 9554 64-Core Processor,1,1 x NVIDIA RTX A5000,,,4,machine,N
Step #160,2026-04-07T14:00:51,energy-efficiency,cf0a5ca3-f32a-4496-9534-71e200868376,0.4286995306611061,2.515340614452766e-07,5.86815445206838e-07,360.0,166.3720329407926,10.0,4.2877018079161625e-05,1.981612697932178e-05,1.190873463120714e-06,6.388401852160455e-05,0.0,Canada,CAN,quebec,,,Linux-5.15.0-152-generic-x86_64-with-glibc2.35,3.14.2,3.1.0,4,AMD EPYC 9554 64-Core Processor,1,1 x NVIDIA RTX A5000,,,4,machine,N
Step #161,2026-04-07T14:00:51,energy-efficiency,cf0a5ca3-f32a-4496-9534-71e200868376,0.4274661913514137,2.4700996733475735e-07,5.783532255177022e-07,360.0,158.9035421704959,10.0,4.270039759576329e-05,1.8848626183398665e-05,1.1859761551022354e-06,6.273499993426392e-05,0.0,Canada,CAN,quebec,,,Linux-5.15.0-152-generic-x86_64-with-glibc2.35,3.14.2,3.1.0,4,AMD EPYC 9554 64-Core Processor,1,1 x NVIDIA RTX A5000,,,4,machine,N
Step #162,2026-04-07T14:00:52,energy-efficiency,cf0a5ca3-f32a-4496-9534-71e200868376,0.4277718998491764,2.532204675825234e-07,5.92008980778876e-07,360.0,169.131738349023,10.0,4.294347725808563e-05,2.0176127264903698e-05,1.1927233905427914e-06,6.43123279135318e-05,0.0,Canada,CAN,quebec,,,Linux-5.15.0-152-generic-x86_64-with-glibc2.35,3.14.2,3.1.0,4,AMD EPYC 9554 64-Core Processor,1,1 x NVIDIA RTX A5000,,,4,machine,N
Step #163,2026-04-07T14:00:52,energy-efficiency,cf0a5ca3-f32a-4496-9534-71e200868376,0.427815031260252,2.481240381254417e-07,5.804287771299762e-07,360.0,159.56561123069795,10.0,4.283921569585812e-05,1.8988904088246272e-05,1.1898291814658579e-06,6.30179489655696e-05,0.0,Canada,CAN,quebec,,,Linux-5.15.0-152-generic-x86_64-with-glibc2.35,3.14.2,3.1.0,4,AMD EPYC 9554 64-Core Processor,1,1 x NVIDIA RTX A5000,,,4,machine,N
Step #164,2026-04-07T14:00:53,energy-efficiency,cf0a5ca3-f32a-4496-9534-71e200868376,0.4294140599668026,2.7013935646996967e-07,6.29160648181334e-07,360.0,204.21259234256328,10.0,4.3013826757669e-05,2.440085285115856e-05,1.1946671849323446e-06,6.860934679375937e-05,0.0,Canada,CAN,quebec,,,Linux-5.15.0-152-generic-x86_64-with-glibc2.35,3.14.2,3.1.0,4,AMD EPYC 9554 64-Core Processor,1,1 x NVIDIA RTX A5000,,,4,machine,N
Step #165,2026-04-07T14:00:53,energy-efficiency,cf0a5ca3-f32a-4496-9534-71e200868376,0.4285343773663044,2.474074249015956e-07,5.77520377773396e-07,360.0,157.58605033975766,10.0,4.287591464817442e-05,1.8769181679090252e-05,1.1908489279449023e-06,6.283594525520984e-05,0.0,Canada,CAN,quebec,,,Linux-5.15.0-152-generic-x86_64-with-glibc2.35,3.14.2,3.1.0,4,AMD EPYC 9554 64-Core Processor,1,1 x NVIDIA RTX A5000,,,4,machine,N
Step #166,2026-04-07T14:00:54,energy-efficiency,cf0a5ca3-f32a-4496-9534-71e200868376,0.4278140291571617,2.424138740235286e-07,5.668682413031112e-07,360.0,146.8131387956465,10.0,4.2886267229914204e-05,1.7490291753574638e-05,1.1911361788710184e-06,6.156769516236019e-05,0.0,Canada,CAN,quebec,,,Linux-5.15.0-152-generic-x86_64-with-glibc2.35,3.14.2,3.1.0,4,AMD EPYC 9554 64-Core Processor,1,1 x NVIDIA RTX A5000,,,4,machine,N
Step #167,2026-04-07T14:00:54,energy-efficiency,cf0a5ca3-f32a-4496-9534-71e200868376,0.42779678851366043,2.570949034058612e-07,6.012083758862297e-07,360.0,175.72774265264673,10.0,4.307360611855923e-05,2.1026405704560602e-05,1.1963360218538084e-06,6.529634784497446e-05,0.0,Canada,CAN,quebec,,,Linux-5.15.0-152-generic-x86_64-with-glibc2.35,3.14.2,3.1.0,4,AMD EPYC 9554 64-Core Processor,1,1 x NVIDIA RTX A5000,,,4,machine,N
Step #168,2026-04-07T14:00:55,energy-efficiency,cf0a5ca3-f32a-4496-9534-71e200868376,0.42714060097932816,2.523207353607323e-07,5.909786417981311e-07,360.0,168.4462987817036,10.0,4.2845464125276095e-05,2.004834936997213e-05,1.1900025833811887e-06,6.408381607862952e-05,0.0,Canada,CAN,quebec,,,Linux-5.15.0-152-generic-x86_64-with-glibc2.35,3.14.2,3.1.0,4,AMD EPYC 9554 64-Core Processor,1,1 x NVIDIA RTX A5000,,,4,machine,N
Step #169,2026-04-07T14:00:55,energy-efficiency,cf0a5ca3-f32a-4496-9534-71e200868376,0.4284415543079376,2.7203762033723155e-07,6.354057493715154e-07,360.0,206.7167171625659,10.0,4.312804080545962e-05,2.476557537534063e-05,1.1978471237752432e-06,6.909146330457555e-05,0.0,Canada,CAN,quebec,,,Linux-5.15.0-152-generic-x86_64-with-glibc2.35,3.14.2,3.1.0,4,AMD EPYC 9554 64-Core Processor,1,1 x NVIDIA RTX A5000,,,4,machine,N
Step #170,2026-04-07T14:00:55,energy-efficiency,cf0a5ca3-f32a-4496-9534-71e200868376,0.42835192382335663,2.511436612416567e-07,5.866023379731475e-07,360.0,163.96843528886862,10.0,4.3003216758369725e-05,1.9587237886753428e-05,1.1944109677440367e-06,6.378486561286686e-05,0.0,Canada,CAN,quebec,,,Linux-5.15.0-152-generic-x86_64-with-glibc2.35,3.14.2,3.1.0,4,AMD EPYC 9554 64-Core Processor,1,1 x NVIDIA RTX A5000,,,4,machine,N
Step #171,2026-04-07T14:00:56,energy-efficiency,cf0a5ca3-f32a-4496-9534-71e200868376,0.4282122179865837,2.4991602296785693e-07,5.840249033993275e-07,360.0,161.57463470431867,10.0,4.29853659123184e-05,1.929390433019762e-05,1.1938027416666234e-06,6.347307298418259e-05,0.0,Canada,CAN,quebec,,,Linux-5.15.0-152-generic-x86_64-with-glibc2.35,3.14.2,3.1.0,4,AMD EPYC 9554 64-Core Processor,1,1 x NVIDIA RTX A5000,,,4,machine,N
Step #172,2026-04-07T14:00:56,energy-efficiency,cf0a5ca3-f32a-4496-9534-71e200868376,0.39950399100780487,2.4062573931612726e-07,6.023985196455678e-07,360.0,177.64799786462754,10.0,4.017301239073352e-05,1.9824738075158166e-05,1.1157985259261467e-06,6.111354899181708e-05,0.0,Canada,CAN,quebec,,,Linux-5.15.0-152-generic-x86_64-with-glibc2.35,3.14.2,3.1.0,4,AMD EPYC 9554 64-Core Processor,1,1 x NVIDIA RTX A5000,,,4,machine,N
